Class,BaseType,DropLevel,Rarity,Height,Width,Sockets,Quality,Corrupted,SubGroup A,SubGroup B,SubGroup Tier,Game:Strength,Game:Dexterity,Game:Intelligence,Game:Damage From,Game:Damage To,Game:APS,Game:DPS,Game:Crit,Game:Implicit 1,Game:Implicit 2,Game:Armour,Game:Armour Max,Game:Evasion,Game:Evasion Max,Game:Energy Shield,Game:Energy Shield Max,Game:Block
Stackable Currency,Gold,1,,1,1,,,,defa,,8,,,,,,,,,,,,,,,,,
Stackable Currency,Albino Rhoa Feather,1,,1,1,,,,defa,,1,,,,,,,,,,,,,,,,,
Stackable Currency,Arcanist's Etcher,1,,1,1,,,,defa,,4,,,,,,,,,,,,,,,,,
Stackable Currency,Armourer's Scrap,1,,1,1,,,,defa,,5,,,,,,,,,,,,,,,,,
Stackable Currency,Artificer's Orb,1,,1,1,,,,defa,,6,,,,,,,,,,,,,,,,,
Stackable Currency,Blacksmith's Whetstone,1,,1,1,,,,defa,,5,,,,,,,,,,,,,,,,,
Stackable Currency,Chaos Orb,1,,1,1,,,,defa,,7,,,,,,,,,,,,,,,,,
Stackable Currency,Divine Orb,1,,1,1,,,,defa,,3,,,,,,,,,,,,,,,,,
Stackable Currency,Exalted Orb,1,,1,1,,,,defa,,6,,,,,,,,,,,,,,,,,
Stackable Currency,Gemcutter's Prism,1,,1,1,,,,defa,,6,,,,,,,,,,,,,,,,,
Stackable Currency,Glassblower's Bauble,1,,1,1,,,,defa,,6,,,,,,,,,,,,,,,,,
Stackable Currency,Lesser Jeweller's Orb,1,,1,1,,,,defa,,5,,,,,,,,,,,,,,,,,
Stackable Currency,Greater Jeweller's Orb,1,,1,1,,,,defa,,3,,,,,,,,,,,,,,,,,
Stackable Currency,Perfect Jeweller's Orb,1,,1,1,,,,defa,,2,,,,,,,,,,,,,,,,,
Stackable Currency,Mirror of Kalandra,1,,1,1,,,,defa,,1,,,,,,,,,,,,,,,,,
Stackable Currency,Orb of Alchemy,1,,1,1,,,,defa,,7,,,,,,,,,,,,,,,,,
Stackable Currency,Orb of Annulment,1,,1,1,,,,defa,,7,,,,,,,,,,,,,,,,,
Stackable Currency,Orb of Augmentation,1,,1,1,,,,defa,,7,,,,,,,,,,,,,,,,,
Stackable Currency,Orb of Chance,1,,1,1,,,,defa,,7,,,,,,,,,,,,,,,,,
Stackable Currency,Orb of Transmutation,1,,1,1,,,,defa,,7,,,,,,,,,,,,,,,,,
Stackable Currency,Regal Orb,1,,1,1,,,,defa,,7,,,,,,,,,,,,,,,,,
Stackable Currency,Scroll of Wisdom,1,,1,1,,,,defa,,7,,,,,,,,,,,,,,,,,
Stackable Currency,Vaal Orb,1,,1,1,,,,defa,,7,,,,,,,,,,,,,,,,,
Stackable Currency,Artificer's Shard,1,,1,1,,,,defa,,7,,,,,,,,,,,,,,,,,
Stackable Currency,Chance Shard,1,,1,1,,,,defa,,7,,,,,,,,,,,,,,,,,
Stackable Currency,Regal Shard,1,,1,1,,,,defa,,7,,,,,,,,,,,,,,,,,
Stackable Currency,Transmutation Shard,1,,1,1,,,,defa,,7,,,,,,,,,,,,,,,,,
Stackable Currency,Orb of Alteration,1,,1,1,,,,disa,,7,,,,,,,,,,,,,,,,,
Stackable Currency,Alchemy Shard,1,,1,1,,,,nonDrop,,7,,,,,,,,,,,,,,,,,
Stackable Currency,Essence of Battle,1,,1,1,,,,Essence,,7,,,,,,,,,,,,,,,,,
Stackable Currency,Essence of Electricity,1,,1,1,,,,Essence,,7,,,,,,,,,,,,,,,,,
Stackable Currency,Essence of Enhancement,1,,1,1,,,,Essence,,7,,,,,,,,,,,,,,,,,
Stackable Currency,Essence of Flames,1,,1,1,,,,Essence,,7,,,,,,,,,,,,,,,,,
Stackable Currency,Essence of Haste,1,,1,1,,,,Essence,,7,,,,,,,,,,,,,,,,,
Stackable Currency,Essence of Ice,1,,1,1,,,,Essence,,7,,,,,,,,,,,,,,,,,
Stackable Currency,Essence of Ruin,1,,1,1,,,,Essence,,7,,,,,,,,,,,,,,,,,
Stackable Currency,Essence of Sorcery,1,,1,1,,,,Essence,,7,,,,,,,,,,,,,,,,,
Stackable Currency,Essence of the Body,1,,1,1,,,,Essence,,7,,,,,,,,,,,,,,,,,
Stackable Currency,Essence of the Infinite,1,,1,1,,,,Essence,,7,,,,,,,,,,,,,,,,,
Stackable Currency,Essence of the Mind,1,,1,1,,,,Essence,,7,,,,,,,,,,,,,,,,,
Stackable Currency,Essence of Torment,1,,1,1,,,,Essence,,7,,,,,,,,,,,,,,,,,
Stackable Currency,Greater Essence of Battle,1,,1,1,,,,Essence,,3,,,,,,,,,,,,,,,,,
Stackable Currency,Greater Essence of Electricity,1,,1,1,,,,Essence,,3,,,,,,,,,,,,,,,,,
Stackable Currency,Greater Essence of Enhancement,1,,1,1,,,,Essence,,3,,,,,,,,,,,,,,,,,
Stackable Currency,Greater Essence of Flames,1,,1,1,,,,Essence,,3,,,,,,,,,,,,,,,,,
Stackable Currency,Greater Essence of Haste,1,,1,1,,,,Essence,,3,,,,,,,,,,,,,,,,,
Stackable Currency,Greater Essence of Ice,1,,1,1,,,,Essence,,3,,,,,,,,,,,,,,,,,
Stackable Currency,Greater Essence of Ruin,1,,1,1,,,,Essence,,3,,,,,,,,,,,,,,,,,
Stackable Currency,Greater Essence of Sorcery,1,,1,1,,,,Essence,,3,,,,,,,,,,,,,,,,,
Stackable Currency,Greater Essence of the Body,1,,1,1,,,,Essence,,3,,,,,,,,,,,,,,,,,
Stackable Currency,Greater Essence of the Infinite,1,,1,1,,,,Essence,,3,,,,,,,,,,,,,,,,,
Stackable Currency,Greater Essence of the Mind,1,,1,1,,,,Essence,,3,,,,,,,,,,,,,,,,,
Stackable Currency,Greater Essence of Torment,1,,1,1,,,,Essence,,3,,,,,,,,,,,,,,,,,
Stackable Currency,Adaptive Catalyst,1,,1,1,,,,Catalyst,,7,,,,,,,,,,,,,,,,,
Stackable Currency,Carapace Catalyst,1,,1,1,,,,Catalyst,,6,,,,,,,,,,,,,,,,,
Stackable Currency,Chayula's Catalyst,1,,1,1,,,,Catalyst,,5,,,,,,,,,,,,,,,,,
Stackable Currency,Esh's Catalyst,1,,1,1,,,,Catalyst,,7,,,,,,,,,,,,,,,,,
Stackable Currency,Flesh Catalyst,1,,1,1,,,,Catalyst,,7,,,,,,,,,,,,,,,,,
Stackable Currency,Neural Catalyst,1,,1,1,,,,Catalyst,,7,,,,,,,,,,,,,,,,,
Stackable Currency,Reaver Catalyst,1,,1,1,,,,Catalyst,,7,,,,,,,,,,,,,,,,,
Stackable Currency,Sibilant Catalyst,1,,1,1,,,,Catalyst,,7,,,,,,,,,,,,,,,,,
Stackable Currency,Skittering Catalyst,1,,1,1,,,,Catalyst,,7,,,,,,,,,,,,,,,,,
Stackable Currency,Tul's Catalyst,1,,1,1,,,,Catalyst,,5,,,,,,,,,,,,,,,,,
Stackable Currency,Uul-Netol's Catalyst,1,,1,1,,,,Catalyst,,5,,,,,,,,,,,,,,,,,
Stackable Currency,Xoph's Catalyst,1,,1,1,,,,Catalyst,,5,,,,,,,,,,,,,,,,,
Omen,Omen of Amelioration,1,,1,1,,,,Omen,,7,,,,,,,,,,,,,,,,,
Omen,Omen of Corruption,1,,1,1,,,,Omen,,7,,,,,,,,,,,,,,,,,
Omen,Omen of Dextral Alchemy,1,,1,1,,,,Omen,,7,,,,,,,,,,,,,,,,,
Omen,Omen of Dextral Annulment,1,,1,1,,,,Omen,,7,,,,,,,,,,,,,,,,,
Omen,Omen of Dextral Coronation,1,,1,1,,,,Omen,,7,,,,,,,,,,,,,,,,,
Omen,Omen of Dextral Erasure,1,,1,1,,,,Omen,,7,,,,,,,,,,,,,,,,,
Omen,Omen of Dextral Exaltation,1,,1,1,,,,Omen,,7,,,,,,,,,,,,,,,,,
Omen,Omen of Greater Annulment,1,,1,1,,,,Omen,,7,,,,,,,,,,,,,,,,,
Omen,Omen of Greater Exaltation,1,,1,1,,,,Omen,,4,,,,,,,,,,,,,,,,,
Omen,Omen of Refreshment,1,,1,1,,,,Omen,,4,,,,,,,,,,,,,,,,,
Omen,Omen of Resurgence,1,,1,1,,,,Omen,,4,,,,,,,,,,,,,,,,,
Omen,Omen of Sinistral Alchemy,1,,1,1,,,,Omen,,4,,,,,,,,,,,,,,,,,
Omen,Omen of Sinistral Annulment,1,,1,1,,,,Omen,,4,,,,,,,,,,,,,,,,,
Omen,Omen of Sinistral Coronation,1,,1,1,,,,Omen,,4,,,,,,,,,,,,,,,,,
Omen,Omen of Sinistral Erasure,1,,1,1,,,,Omen,,4,,,,,,,,,,,,,,,,,
Omen,Omen of Sinistral Exaltation,1,,1,1,,,,Omen,,4,,,,,,,,,,,,,,,,,
Omen,Omen of Whittling,1,,1,1,,,,Omen,,3,,,,,,,,,,,,,,,,,
Stackable Currency,Distilled Despair,1,,1,1,,,,Emotion,,5,,,,,,,,,,,,,,,,,
Stackable Currency,Distilled Disgust,1,,1,1,,,,Emotion,,5,,,,,,,,,,,,,,,,,
Stackable Currency,Distilled Envy,1,,1,1,,,,Emotion,,5,,,,,,,,,,,,,,,,,
Stackable Currency,Distilled Fear,1,,1,1,,,,Emotion,,4,,,,,,,,,,,,,,,,,
Stackable Currency,Distilled Greed,1,,1,1,,,,Emotion,,4,,,,,,,,,,,,,,,,,
Stackable Currency,Distilled Guilt,1,,1,1,,,,Emotion,,4,,,,,,,,,,,,,,,,,
Stackable Currency,Distilled Ire,1,,1,1,,,,Emotion,,4,,,,,,,,,,,,,,,,,
Stackable Currency,Distilled Isolation,1,,1,1,,,,Emotion,,3,,,,,,,,,,,,,,,,,
Stackable Currency,Distilled Paranoia,1,,1,1,,,,Emotion,,3,,,,,,,,,,,,,,,,,
Stackable Currency,Distilled Suffering,1,,1,1,,,,Emotion,,3,,,,,,,,,,,,,,,,,
Socketable,Body Rune,1,,1,1,,,,Socket,,7,,,,,,,,,,,,,,,,,
Socketable,Desert Rune,1,,1,1,,,,Socket,,7,,,,,,,,,,,,,,,,,
Socketable,Glacial Rune,1,,1,1,,,,Socket,,7,,,,,,,,,,,,,,,,,
Socketable,Inspiration Rune,1,,1,1,,,,Socket,,7,,,,,,,,,,,,,,,,,
Socketable,Iron Rune,1,,1,1,,,,Socket,,7,,,,,,,,,,,,,,,,,
Socketable,Mind Rune,1,,1,1,,,,Socket,,7,,,,,,,,,,,,,,,,,
Socketable,Rebirth Rune,1,,1,1,,,,Socket,,7,,,,,,,,,,,,,,,,,
Socketable,Stone Rune,1,,1,1,,,,Socket,,7,,,,,,,,,,,,,,,,,
Socketable,Storm Rune,1,,1,1,,,,Socket,,7,,,,,,,,,,,,,,,,,
Socketable,Vision Rune,1,,1,1,,,,Socket,,7,,,,,,,,,,,,,,,,,
Socketable,Soul Core of Atmohua,1,,1,1,,,,Socket,,4,,,,,,,,,,,,,,,,,
Socketable,Soul Core of Azcapa,1,,1,1,,,,Socket,,4,,,,,,,,,,,,,,,,,
Socketable,Soul Core of Cholotl,1,,1,1,,,,Socket,,4,,,,,,,,,,,,,,,,,
Socketable,Soul Core of Citaqualotl,1,,1,1,,,,Socket,,4,,,,,,,,,,,,,,,,,
Socketable,Soul Core of Jiquani,1,,1,1,,,,Socket,,4,,,,,,,,,,,,,,,,,
Socketable,Soul Core of Opiloti,1,,1,1,,,,Socket,,4,,,,,,,,,,,,,,,,,
Socketable,Soul Core of Puhuarte,1,,1,1,,,,Socket,,4,,,,,,,,,,,,,,,,,
Socketable,Soul Core of Quipolatl,1,,1,1,,,,Socket,,4,,,,,,,,,,,,,,,,,
Socketable,Soul Core of Tacati,1,,1,1,,,,Socket,,4,,,,,,,,,,,,,,,,,
Socketable,Soul Core of Ticaba,1,,1,1,,,,Socket,,4,,,,,,,,,,,,,,,,,
Socketable,Soul Core of Topotante,1,,1,1,,,,Socket,,4,,,,,,,,,,,,,,,,,
Socketable,Soul Core of Tzamoto,1,,1,1,,,,Socket,,4,,,,,,,,,,,,,,,,,
Socketable,Soul Core of Xopec,1,,1,1,,,,Socket,,4,,,,,,,,,,,,,,,,,
Socketable,Soul Core of Zalatl,1,,1,1,,,,Socket,,4,,,,,,,,,,,,,,,,,
Socketable,Soul Core of Zantipi,1,,1,1,,,,Socket,,4,,,,,,,,,,,,,,,,,
Stackable Currency,Uncut Skill Gem,1,,1,1,,,,Gem,,6,,,,,,,,,,,,,,,,,
Stackable Currency,Uncut Spirit Gem,1,,1,1,,,,Gem,,6,,,,,,,,,,,,,,,,,
Stackable Currency,Uncut Support Gem,1,,1,1,,,,Gem,,5,,,,,,,,,,,,,,,,,
Stackable Currency,Bronze Key,1,,1,1,,,,MiscMap,,7,,,,,,,,,,,,,,,,,
Stackable Currency,Silver Key,1,,1,1,,,,MiscMap,,7,,,,,,,,,,,,,,,,,
Stackable Currency,Gold Key,1,,1,1,,,,MiscMap,,7,,,,,,,,,,,,,,,,,
Stackable Currency,Simulacrum Splinter,1,,1,1,,,,MiscMap,,7,,,,,,,,,,,,,,,,,
Map Fragments,Simulacrum,1,,1,1,,,,MiscMap,,7,,,,,,,,,,,,,,,,,
Stackable Currency,Breach Splinter,1,,1,1,,,,MiscMap,,7,,,,,,,,,,,,,,,,,
Map Fragments,Breachstone,1,,1,1,,,,MiscMap,,7,,,,,,,,,,,,,,,,,
Map Fragments,An Audience with the King,1,,1,1,,,,MiscMap,,7,,,,,,,,,,,,,,,,,
Map Fragments,Cowardly Fate,1,,1,1,,,,MiscMap,,7,,,,,,,,,,,,,,,,,
Map Fragments,Deadly Fate,1,,1,1,,,,MiscMap,,7,,,,,,,,,,,,,,,,,
Map Fragments,Victorious Fate,1,,1,1,,,,MiscMap,,7,,,,,,,,,,,,,,,,,
Pinnacle Keys,Ancient Crisis Fragment,1,,1,1,,,,MiscMap,,7,,,,,,,,,,,,,,,,,
Pinnacle Keys,Faded Crisis Fragment,1,,1,1,,,,MiscMap,,7,,,,,,,,,,,,,,,,,
Pinnacle Keys,Weathered Crisis Fragment,1,,1,1,,,,MiscMap,,7,,,,,,,,,,,,,,,,,
Stackable Currency,Exotic Coinage,1,,1,1,,,,MiscMap,,7,,,,,,,,,,,,,,,,,
Stackable Currency,Broken Circle Artifact,1,,1,1,,,,MiscMap,,7,,,,,,,,,,,,,,,,,
Stackable Currency,Black Scythe Artifact,1,,1,1,,,,MiscMap,,7,,,,,,,,,,,,,,,,,
Stackable Currency,Order Artifact,1,,1,1,,,,MiscMap,,7,,,,,,,,,,,,,,,,,
Stackable Currency,Sun Artifact,1,,1,1,,,,MiscMap,,7,,,,,,,,,,,,,,,,,
Vault Keys,Voidborn Reliquary Key,1,,1,1,,,,disa,,3,,,,,,,,,,,,,,,,,
Waystones,Waystone (Tier 1),1,NMR,1,1,,,,defa,,,,,,,,,,,,,,,,,,,
Waystones,Waystone (Tier 2),1,NMR,1,1,,,,defa,,,,,,,,,,,,,,,,,,,
Waystones,Waystone (Tier 3),1,NMR,1,1,,,,defa,,,,,,,,,,,,,,,,,,,
Waystones,Waystone (Tier 4),1,NMR,1,1,,,,defa,,,,,,,,,,,,,,,,,,,
Waystones,Waystone (Tier 5),1,NMR,1,1,,,,defa,,,,,,,,,,,,,,,,,,,
Waystones,Waystone (Tier 6),1,NMR,1,1,,,,defa,,,,,,,,,,,,,,,,,,,
Waystones,Waystone (Tier 7),1,NMR,1,1,,,,defa,,,,,,,,,,,,,,,,,,,
Waystones,Waystone (Tier 8),1,NMR,1,1,,,,defa,,,,,,,,,,,,,,,,,,,
Waystones,Waystone (Tier 9),1,NMR,1,1,,,,defa,,,,,,,,,,,,,,,,,,,
Waystones,Waystone (Tier 10),1,NMR,1,1,,,,defa,,,,,,,,,,,,,,,,,,,
Waystones,Waystone (Tier 11),1,NMR,1,1,,,,defa,,,,,,,,,,,,,,,,,,,
Waystones,Waystone (Tier 12),1,NMR,1,1,,,,defa,,,,,,,,,,,,,,,,,,,
Waystones,Waystone (Tier 13),1,NMR,1,1,,,,defa,,,,,,,,,,,,,,,,,,,
Waystones,Waystone (Tier 14),1,NMR,1,1,,,,defa,,,,,,,,,,,,,,,,,,,
Waystones,Waystone (Tier 15),1,NMR,1,1,,,,defa,,,,,,,,,,,,,,,,,,,
Waystones,Waystone (Tier 16),1,NMR,1,1,,,,defa,,,,,,,,,,,,,,,,,,,
Tablet,Breach Precursor Tablet,1,NMR,1,1,,,,MiscMap,,5,,,,,,,,,,,,,,,,,
Tablet,Expedition Precursor Tablet,1,NMR,1,1,,,,MiscMap,,5,,,,,,,,,,,,,,,,,
Tablet,Delirium Precursor Tablet,1,NMR,1,1,,,,MiscMap,,5,,,,,,,,,,,,,,,,,
Tablet,Overseer Precursor Tablet,1,NMR,1,1,,,,MiscMap,,5,,,,,,,,,,,,,,,,,
Tablet,Ritual Precursor Tablet,1,NMR,1,1,,,,MiscMap,,5,,,,,,,,,,,,,,,,,
Tablet,Precursor Tablet,1,NMR,1,1,,,,disa,,5,,,,,,,,,,,,,,,,,
Expedition Logbooks,Expedition Logbook,65,N,1,1,,,,MiscMap,,5,,,,,,,,,,,,,,,,,
Inscribed Ultimatum,Inscribed Ultimatum,39,NM,1,1,,,,MiscMap,,5,,,,,,,,,,,,,,,,,
Skill Gems,Spark,1,,1,1,,,,disa,,5,,,,,,,,,,,,,,,,,
Support Gems,Chain,1,,1,1,,,,disa,,5,,,,,,,,,,,,,,,,,
Trial Coins,Djinn Barya,24,,1,1,,,,MiscMap,,5,,,,,,,,,,,,,,,,,
Trial Coins,Test of Strength Barya,65,,1,1,,,,nonDrop,,3,,,,,,,,,,,,,,,,,
Trial Coins,Test of Will Barya,65,,1,1,,,,nonDrop,,3,,,,,,,,,,,,,,,,,
Trial Coins,Test of Cunning Barya,65,,1,1,,,,nonDrop,,3,,,,,,,,,,,,,,,,,
Trial Coins,Test of Time Barya,65,,1,1,,,,nonDrop,,3,,,,,,,,,,,,,,,,,
Relics,Urn Relic,1,NM,2,1,,,,MiscMap,,5,,,,,,,,,,,,,,,,,
Relics,Amphora Relic,1,NMU,3,1,,,,MiscMap,,5,,,,,,,,,,,,,,,,,
Relics,Vase Relic,1,NMU,4,1,,,,MiscMap,,5,,,,,,,,,,,,,,,,,
Relics,Seal Relic,1,NMU,1,2,,,,MiscMap,,5,,,,,,,,,,,,,,,,,
Relics,Coffer Relic,1,NMU,2,2,,,,MiscMap,,5,,,,,,,,,,,,,,,,,
Relics,Tapestry Relic,1,NMU,1,3,,,,MiscMap,,5,,,,,,,,,,,,,,,,,
Relics,Incense Relic,1,NMU,1,4,,,,MiscMap,,5,,,,,,,,,,,,,,,,,
Quest Items,Head of the Winter Wolf,2,,2,2,,,,defa,,,,,,,,,,,,,,,,,,,
Jewels,Ruby,20,NMRU,1,1,,,,defa,,,,,,,,,,,,,,,,,,,
Jewels,Emerald,20,NMRU,1,1,,,,defa,,,,,,,,,,,,,,,,,,,
Jewels,Sapphire,20,NMRU,1,1,,,,defa,,,,,,,,,,,,,,,,,,,
Jewels,Diamond,20,NMRU,1,1,,,,defa,,,,,,,,,,,,,,,,,,,
Jewels,Time-Lost Ruby,20,NMR,1,1,,,,defa,,,,,,,,,,,,,,,,,,,
Jewels,Time-Lost Emerald,20,NMR,1,1,,,,defa,,,,,,,,,,,,,,,,,,,
Jewels,Time-Lost Sapphire,20,NMR,1,1,,,,defa,,,,,,,,,,,,,,,,,,,
Jewels,Time-Lost Diamond,20,NMRU,1,1,,,,defa,,,,,,,,,,,,,,,,,,,
Jewels,Timeless Jewel,99,U,1,1,,,,nonDrop,,,,,,,,,,,,,,,,,,,
Life Flasks,Lesser Life Flask,1,NM,1,1,,,,defa,,,,,,,,,,,,,,,,,,,
Life Flasks,Medium Life Flask,4,NM,1,1,,,,defa,,,,,,,,,,,,,,,,,,,
Life Flasks,Greater Life Flask,10,NM,1,1,,,,defa,,,,,,,,,,,,,,,,,,,
Life Flasks,Grand Life Flask,16,NM,1,1,,,,defa,,,,,,,,,,,,,,,,,,,
Life Flasks,Giant Life Flask,23,NM,1,1,,,,defa,,,,,,,,,,,,,,,,,,,
Life Flasks,Colossal Life Flask,30,NM,1,1,,,,defa,,,,,,,,,,,,,,,,,,,
Life Flasks,Gargantuan Life Flask,40,NM,1,1,,,,defa,,,,,,,,,,,,,,,,,,,
Life Flasks,Transcendent Life Flask,50,NM,1,1,,,,defa,,,,,,,,,,,,,,,,,,,
Life Flasks,Ultimate Life Flask,60,NMU,1,1,,,,defa,,,,,,,,,,,,,,,,,,,
Mana Flasks,Lesser Mana Flask,1,NM,1,1,,,,defa,,,,,,,,,,,,,,,,,,,
Mana Flasks,Medium Mana Flask,4,NM,1,1,,,,defa,,,,,,,,,,,,,,,,,,,
Mana Flasks,Greater Mana Flask,10,NM,1,1,,,,defa,,,,,,,,,,,,,,,,,,,
Mana Flasks,Grand Mana Flask,16,NM,1,1,,,,defa,,,,,,,,,,,,,,,,,,,
Mana Flasks,Giant Mana Flask,23,NM,1,1,,,,defa,,,,,,,,,,,,,,,,,,,
Mana Flasks,Colossal Mana Flask,30,NM,1,1,,,,defa,,,,,,,,,,,,,,,,,,,
Mana Flasks,Gargantuan Mana Flask,40,NM,1,1,,,,defa,,,,,,,,,,,,,,,,,,,
Mana Flasks,Transcendent Mana Flask,50,NM,1,1,,,,defa,,,,,,,,,,,,,,,,,,,
Mana Flasks,Ultimate Mana Flask,60,NMU,1,1,,,,defa,,,,,,,,,,,,,,,,,,,
Charms,Ruby Charm,5,NM,1,1,,,,defa,,,,,,,,,,,+25% to Fire Resistance,Used when you take Fire damage from a Hit,,,,,,,
Charms,Sapphire Charm,5,NM,1,1,,,,defa,,,,,,,,,,,+25% to Cold Resistance,Used when you take Cold damage from a Hit,,,,,,,
Charms,Topaz Charm,5,NM,1,1,,,,defa,,,,,,,,,,,+25% to Lightning Resistance,Used when you take Lightning damage from a Hit,,,,,,,
Charms,Stone Charm,8,NM,1,1,,,,defa,,,,,,,,,,,Cannot be Stunned,Used when you become Stunned,,,,,,,
Charms,Silver Charm,10,NM,1,1,,,,defa,,,,,,,,,,,Your speed is unaffected by Slows,Used when you are affected by a Slow,,,,,,,
Charms,Thawing Charm,12,NM,1,1,,,,defa,,,,,,,,,,,Grants Immunity to Freeze,Used when you become Frozen,,,,,,,
Charms,Staunching Charm,18,NM,1,1,,,,defa,,,,,,,,,,,Grants Immunity to Bleeding,Used when you start Bleeding,,,,,,,
Charms,Antidote Charm,24,NM,1,1,,,,defa,,,,,,,,,,,Grants Immunity to Poison,Used when you become Poisoned,,,,,,,
Charms,Dousing Charm,32,NM,1,1,,,,defa,,,,,,,,,,,Grants Immunity to Ignite,Used when you become Ignited,,,,,,,
Charms,Grounding Charm,32,NM,1,1,,,,defa,,,,,,,,,,,Grants Immunity to Shock,Used when you become Shocked,,,,,,,
Charms,Amethyst Charm,50,NM,1,1,,,,defa,,,,,,,,,,,+18% to Chaos Resistance,Used when you take Chaos damage from a Hit,,,,,,,
Charms,Golden Charm,50,NM,1,1,,,,defa,,,,,,,,,,,20% increased Rarity of Items found,Used when you kill a Rare or Unique Enemy,,,,,,,
Amulets,Crimson Amulet,1,NMRU,1,1,,,,defa,,,,,,,,,,,(2–4) Life Regeneration per second,,,,,,,,
Amulets,Azure Amulet,1,NMRU,1,1,,,,defa,,,,,,,,,,,(20–30)% increased Mana Regeneration Rate,,,,,,,,
Amulets,Amber Amulet,8,NMRU,1,1,,,,defa,,,,,,,,,,,+(10–15) to Strength,,,,,,,,
Amulets,Jade Amulet,8,NMRU,1,1,,,,defa,,,,,,,,,,,+(10–15) to Dexterity,,,,,,,,
Amulets,Lapis Amulet,8,NMRU,1,1,,,,defa,,,,,,,,,,,+(10–15) to Intelligence,,,,,,,,
Amulets,Lunar Amulet,14,NMRU,1,1,,,,defa,,,,,,,,,,,+(20–30) to maximum Energy Shield,,,,,,,,
Amulets,Bloodstone Amulet,18,NMRU,1,1,,,,defa,,,,,,,,,,,+(30–40) to maximum Life,,,,,,,,
Amulets,Stellar Amulet,25,NMRU,1,1,,,,defa,,,,,,,,,,,+(5–7) to all Attributes,,,,,,,,
Amulets,Solar Amulet,30,NMRU,1,1,,,,defa,,,,,,,,,,,+(10–15) to Spirit,,,,,,,,
Amulets,Gold Amulet,35,NMRU,1,1,,,,defa,,,,,,,,,,,(12–20)% increased Rarity of Items found,,,,,,,,
Rings,Iron Ring,1,NMRU,1,1,,,,defa,,,,,,,,,,,Adds 1 to 4 Physical Damage to Attacks,,,,,,,,
Rings,Lazuli Ring,1,NMRU,1,1,,,,defa,,,,,,,,,,,+(20–30) to maximum Mana,,,,,,,,
Rings,Ruby Ring,8,NMRU,1,1,,,,defa,,,,,,,,,,,+(20–30)% to Fire Resistance,,,,,,,,
Rings,Sapphire Ring,12,NMRU,1,1,,,,defa,,,,,,,,,,,+(20–30)% to Cold Resistance,,,,,,,,
Rings,Topaz Ring,16,NMRU,1,1,,,,defa,,,,,,,,,,,+(20–30)% to Lightning Resistance,,,,,,,,
Rings,Amethyst Ring,20,NMRU,1,1,,,,defa,,,,,,,,,,,+(7–13)% to Chaos Resistance,,,,,,,,
Rings,Emerald Ring,26,NMRU,1,1,,,,defa,,,,,,,,,,,+(120–160) to Accuracy Rating,,,,,,,,
Rings,Pearl Ring,32,NMRU,1,1,,,,defa,,,,,,,,,,,(7–10)% increased Cast Speed,,,,,,,,
Rings,Prismatic Ring,35,NMR,1,1,,,,defa,,,,,,,,,,,+(7–10)% to all Elemental Resistances,,,,,,,,
Rings,Gold Ring,40,NMRU,1,1,,,,defa,,,,,,,,,,,(6–15)% increased Rarity of Items found,,,,,,,,
Rings,Unset Ring,44,NMR,1,1,,,,defa,,,,,,,,,,,Grants 1 additional Skill Slot,,,,,,,,
Rings,Ring,1,U,1,1,,,,disa,,,,,,,,,,,,,,,,,,,
Rings,Breach Ring,40,NMR,1,1,,,,defa,,,,,,,,,,,Maximum Quality is 50%,,,,,,,,
Belts,Rawhide Belt,1,NMRU,1,2,,,,defa,,,,,,,,,,,(20–30)% increased Life Recovery from Flasks,,,,,,,,
Belts,Linen Belt,1,NMRU,1,2,,,,defa,,,,,,,,,,,(20–30)% increased Mana Recovery from Flasks,,,,,,,,
Belts,Wide Belt,14,NMRU,1,2,,,,defa,,,,,,,,,,,(20–30)% increased Flask Charges gained,,,,,,,,
Belts,Long Belt,20,NMRU,1,2,,,,defa,,,,,,,,,,,(15–20)% increased Charm Effect Duration,,,,,,,,
Belts,Plate Belt,25,NMRU,1,2,,,,defa,,,,,,,,,,,+(100–140) to Armour,,,,,,,,
Belts,Ornate Belt,31,NMRU,1,2,,,,defa,,,,,,,,,,,(10–15)% reduced Charm Charges used,,,,,,,,
Belts,Mail Belt,40,NMRU,1,2,,,,defa,,,,,,,,,,,(10–15)% reduced Flask Charges used,,,,,,,,
Belts,Double Belt,44,NMR,1,2,,,,defa,,,,,,,,,,,(20–30)% increased Charm Charges gained,,,,,,,,
Belts,Heavy Belt,50,NMRU,1,2,,,,defa,,,,,,,,,,,(20–30)% increased Stun Threshold,,,,,,,,
Belts,Utility Belt,55,NMRU,1,2,,,,defa,,,,,,,,,,,20% of Flask Recovery applied Instantly,,,,,,,,
Belts,Fine Belt,62,NMRU,1,2,,,,defa,,,,,,,,,,,Flasks gain 0.17 charges per Second,,,,,,,,
Helmets,Rusted Greathelm,1,NMRU,2,2,,,,defa,,,,,,,,,,,,,29,29,,,,,
Helmets,Soldier Greathelm,12,NMRU,2,2,,,,defa,,,23,,,,,,,,,,66,66,,,,,
Helmets,Wrapped Greathelm,16,NMRU,2,2,,,,defa,,,30,,,,,,,,,,79,79,,,,,
Helmets,Spired Greathelm,27,NMRU,2,2,,,,defa,,,50,,,,,,,,,,116,116,,,,,
Helmets,Elite Greathelm,33,NMRU,2,2,,,,defa,,,61,,,,,,,,,,136,136,,,,,
Helmets,Warrior Greathelm,36,NMRU,2,2,,,,defa,,,66,,,,,,,,,,146,146,,,,,
Helmets,Commander Greathelm,45,NMR,2,2,,,,disa,,,83,,,,,,,,,,176,176,,,,,
Helmets,Fierce Greathelm,51,NMR,2,2,,,,disa,,,94,,,,,,,,,,196,196,,,,,
Helmets,Dueling Greathelm,52,NMR,2,2,,,,disa,,,95,,,,,,,,,,200,200,,,,,
Helmets,Goliath Greathelm,57,NMR,2,2,,,,disa,,,104,,,,,,,,,,216,216,,,,,
Helmets,Guardian Greathelm,65,NMR,2,2,,,,disa,,,118,,,,,,,,,,243,243,,,,,
Helmets,Shabby Hood,1,NMRU,2,2,,,,defa,,,,,,,,,,,,,,,19,19,,,
Helmets,Felt Cap,10,NMRU,2,2,,,,defa,,,,20,,,,,,,,,,,48,48,,,
Helmets,Lace Hood,16,NMRU,2,2,,,,defa,,,,30,,,,,,,,,,,67,67,,,
Helmets,Swathed Cap,26,NMR,2,2,,,,defa,,,,49,,,,,,,,,,,98,98,,,
Helmets,Hunter Hood,33,NMRU,2,2,,,,defa,,,,61,,,,,,,,,,,121,121,,,
Helmets,Viper Cap,38,NMR,2,2,,,,defa,,,,70,,,,,,,,,,,136,136,,,
Helmets,Corsair Cap,45,NMR,2,2,,,,disa,,,,83,,,,,,,,,,,158,158,,,
Helmets,Leatherbound Hood,51,NMR,2,2,,,,disa,,,,94,,,,,,,,,,,177,177,,,
Helmets,Velvet Cap,52,NMR,2,2,,,,disa,,,,95,,,,,,,,,,,181,181,,,
Helmets,Covert Hood,56,NMRU,2,2,,,,disa,,,,102,,,,,,,,,,,193,193,,,
Helmets,Armoured Cap,65,NMRU,2,2,,,,disa,,,,118,,,,,,,,,,,222,222,,,
Helmets,Twig Circlet,1,NMRU,2,2,,,,defa,,,,,,,,,,,,,,,,,19,19,
Helmets,Wicker Tiara,10,NMRU,2,2,,,,defa,,,,,20,,,,,,,,,,,,28,28,
Helmets,Beaded Circlet,16,NMRU,2,2,,,,defa,,,,,30,,,,,,,,,,,,34,34,
Helmets,Chain Tiara,26,NMRU,2,2,,,,defa,,,,,49,,,,,,,,,,,,44,44,
Helmets,Feathered Tiara,33,NMRU,2,2,,,,defa,,,,,61,,,,,,,,,,,,51,51,
Helmets,Gold Circlet,40,NMRU,2,2,,,,defa,,,,,74,,,,,,,,,,,,58,58,
Helmets,Coral Circlet,45,NMR,2,2,,,,disa,,,,,83,,,,,,,,,,,,63,63,
Helmets,Jade Tiara,50,NMR,2,2,,,,disa,,,,,92,,,,,,,,,,,,69,69,
Helmets,Noble Circlet,52,NMR,2,2,,,,disa,,,,,95,,,,,,,,,,,,71,71,
Helmets,Twilight Tiara,58,NMR,2,2,,,,disa,,,,,106,,,,,,,,,,,,77,77,
Helmets,Magus Tiara,65,NMR,2,2,,,,disa,,,,,118,,,,,,,,,,,,84,84,
Helmets,Brimmed Helm,5,NMRU,2,2,,,,defa,,,7,7,,,,,,,,,23,23,18,18,,,
Helmets,Guarded Helm,11,NMRU,2,2,,,,defa,,,13,13,,,,,,,,,34,34,28,28,,,
Helmets,Visored Helm,16,NMRU,2,2,,,,defa,,,18,18,,,,,,,,,44,44,37,37,,,
Helmets,Cowled Helm,26,NMRU,2,2,,,,defa,,,27,27,,,,,,,,,62,62,54,54,,,
Helmets,Shielded Helm,33,NMRU,2,2,,,,defa,,,34,34,,,,,,,,,75,75,66,66,,,
Helmets,Closed Helm,45,NMRU,2,2,,,,disa,,,46,46,,,,,,,,,97,97,87,87,,,
Helmets,Decorated Helm,52,NMR,2,2,,,,disa,,,53,53,,,,,,,,,110,110,99,99,,,
Helmets,Gallant Helm,65,NMR,2,2,,,,disa,,,65,65,,,,,,,,,134,134,122,122,,,
Helmets,Iron Crown,5,NMRU,2,2,,,,defa,,,7,,7,,,,,,,,23,23,,,12,12,
Helmets,Horned Crown,10,NMRU,2,2,,,,defa,,,12,,12,,,,,,,,33,33,,,15,15,
Helmets,Cultist Crown,16,NMRU,2,2,,,,defa,,,18,,18,,,,,,,,44,44,,,19,19,
Helmets,Martyr Crown,28,NMRU,2,2,,,,defa,,,30,,30,,,,,,,,66,66,,,25,25,
Helmets,Heavy Crown,33,NMRU,2,2,,,,defa,,,34,,34,,,,,,,,75,75,,,28,28,
Helmets,Spiritbone Crown,45,NMRU,2,2,,,,disa,,,46,,46,,,,,,,,97,97,,,35,35,
Helmets,Lavish Crown,52,NMR,2,2,,,,disa,,,53,,53,,,,,,,,110,110,,,39,39,
Helmets,Templar Crown,65,NMR,2,2,,,,disa,,,65,,65,,,,,,,,134,134,,,46,46,
Helmets,Hewn Mask,5,NMRU,2,2,,,,defa,,,,7,7,,,,,,,,,,18,18,12,12,
Helmets,Face Mask,10,NMRU,2,2,,,,defa,,,,12,12,,,,,,,,,,26,26,15,15,
Helmets,Hooded Mask,16,NMRU,2,2,,,,defa,,,,18,18,,,,,,,,,,37,37,19,19,
Helmets,Veiled Mask,28,NMRU,2,2,,,,defa,,,,30,30,,,,,,,,,,58,58,25,25,
Helmets,Tribal Mask,33,NMRU,2,2,,,,defa,,,,34,34,,,,,,,,,,66,66,28,28,
Helmets,Solid Mask,45,NMRU,2,2,,,,disa,,,,46,46,,,,,,,,,,87,87,35,35,
Helmets,Shaded Mask,52,NMR,2,2,,,,disa,,,,53,53,,,,,,,,,,99,99,39,39,
Helmets,Death Mask,65,NMR,2,2,,,,disa,,,,65,65,,,,,,,,,,122,122,46,46,
Helmets,Grand Visage,65,NMRU,2,2,,,,disa,,,46,46,46,,,,,,,,88,88,80,80,30,30,
Helmets,Advanced Rusted Greathelm,45,NMR,2,2,,,,defa,,,83,,,,,,,,,,176,176,,,,,
Helmets,Advanced Soldier Greathelm,48,NMR,2,2,,,,defa,,,88,,,,,,,,,,186,186,,,,,
Helmets,Advanced Wrapped Greathelm,51,NMR,2,2,,,,defa,,,94,,,,,,,,,,196,196,,,,,
Helmets,Advanced Spired Greathelm,55,NMR,2,2,,,,defa,,,101,,,,,,,,,,210,210,,,,,
Helmets,Advanced Elite Greathelm,59,NMR,2,2,,,,defa,,,108,,,,,,,,,,223,223,,,,,
Helmets,Advanced Shabby Hood,45,NMR,2,2,,,,defa,,,,83,,,,,,,,,,,158,158,,,
Helmets,Advanced Felt Cap,48,NMR,2,2,,,,defa,,,,88,,,,,,,,,,,168,168,,,
Helmets,Advanced Lace Hood,51,NMR,2,2,,,,defa,,,,94,,,,,,,,,,,177,177,,,
Helmets,Advanced Swathed Cap,55,NMR,2,2,,,,defa,,,,101,,,,,,,,,,,190,190,,,
Helmets,Advanced Hunter Hood,59,NMR,2,2,,,,defa,,,,108,,,,,,,,,,,203,203,,,
Helmets,Advanced Twig Circlet,45,NMR,2,2,,,,defa,,,,,83,,,,,,,,,,,,63,63,
Helmets,Advanced Wicker Tiara,48,NMR,2,2,,,,defa,,,,,88,,,,,,,,,,,,67,67,
Helmets,Advanced Beaded Circlet,51,NMR,2,2,,,,defa,,,,,94,,,,,,,,,,,,70,70,
Helmets,Advanced Chain Tiara,55,NMR,2,2,,,,defa,,,,,101,,,,,,,,,,,,74,74,
Helmets,Advanced Feathered Tiara,59,NMR,2,2,,,,defa,,,,,108,,,,,,,,,,,,78,78,
Helmets,Advanced Brimmed Helm,45,NMR,2,2,,,,defa,,,46,46,,,,,,,,,97,97,87,87,,,
Helmets,Advanced Guarded Helm,48,NMR,2,2,,,,defa,,,49,49,,,,,,,,,102,102,92,92,,,
Helmets,Advanced Visored Helm,51,NMR,2,2,,,,defa,,,52,52,,,,,,,,,108,108,98,98,,,
Helmets,Advanced Cowled Helm,55,NMR,2,2,,,,defa,,,55,55,,,,,,,,,115,115,105,105,,,
Helmets,Advanced Shielded Helm,59,NMR,2,2,,,,defa,,,59,59,,,,,,,,,123,123,111,111,,,
Helmets,Advanced Iron Crown,45,NMR,2,2,,,,defa,,,46,,46,,,,,,,,97,97,,,35,35,
Helmets,Advanced Horned Crown,48,NMR,2,2,,,,defa,,,49,,49,,,,,,,,102,102,,,37,37,
Helmets,Advanced Cultist Crown,51,NMR,2,2,,,,defa,,,52,,52,,,,,,,,108,108,,,38,38,
Helmets,Advanced Martyr Crown,55,NMR,2,2,,,,defa,,,55,,55,,,,,,,,115,115,,,41,41,
Helmets,Advanced Heavy Crown,59,NMR,2,2,,,,defa,,,59,,59,,,,,,,,123,123,,,43,43,
Helmets,Advanced Hewn Mask,45,NMR,2,2,,,,defa,,,,46,46,,,,,,,,,,87,87,35,35,
Helmets,Advanced Face Mask,48,NMR,2,2,,,,defa,,,,49,49,,,,,,,,,,92,92,37,37,
Helmets,Advanced Hooded Mask,51,NMR,2,2,,,,defa,,,,52,52,,,,,,,,,,98,98,38,38,
Helmets,Advanced Veiled Mask,55,NMR,2,2,,,,defa,,,,55,55,,,,,,,,,,105,105,41,41,
Helmets,Advanced Tribal Mask,59,NMR,2,2,,,,defa,,,,59,59,,,,,,,,,,111,111,43,43,
Helmets,Expert Soldier Greathelm,65,NMR,2,2,,,,defa,,,118,,,,,,,,,,243,243,,,,,
Helmets,Expert Spired Greathelm,70,NMR,2,2,,,,defa,,,129,,,,,,,,,,267,267,,,,,
Helmets,Expert Elite Greathelm,75,NMR,2,2,,,,defa,,,139,,,,,,,,,,292,292,,,,,
Helmets,Expert Felt Cap,65,NMR,2,2,,,,defa,,,,118,,,,,,,,,,,222,222,,,
Helmets,Expert Swathed Cap,70,NMR,2,2,,,,defa,,,,129,,,,,,,,,,,244,244,,,
Helmets,Expert Hunter Hood,75,NMR,2,2,,,,defa,,,,139,,,,,,,,,,,266,266,,,
Helmets,Expert Wicker Tiara,65,NMR,2,2,,,,defa,,,,,118,,,,,,,,,,,,84,84,
Helmets,Expert Chain Tiara,70,NMR,2,2,,,,defa,,,,,129,,,,,,,,,,,,92,92,
Helmets,Expert Feathered Tiara,75,NMR,2,2,,,,defa,,,,,139,,,,,,,,,,,,101,101,
Helmets,Expert Guarded Helm,65,NMR,2,2,,,,defa,,,65,65,,,,,,,,,134,134,122,122,,,
Helmets,Expert Cowled Helm,70,NMR,2,2,,,,defa,,,70,70,,,,,,,,,147,147,134,134,,,
Helmets,Expert Shielded Helm,75,NMR,2,2,,,,defa,,,76,76,,,,,,,,,160,160,146,146,,,
Helmets,Expert Horned Crown,65,NMR,2,2,,,,defa,,,65,,65,,,,,,,,134,134,,,46,46,
Helmets,Expert Martyr Crown,70,NMR,2,2,,,,defa,,,70,,70,,,,,,,,147,147,,,51,51,
Helmets,Expert Heavy Crown,75,NMR,2,2,,,,defa,,,76,,76,,,,,,,,160,160,,,55,55,
Helmets,Expert Face Mask,65,NMR,2,2,,,,defa,,,,65,65,,,,,,,,,,122,122,46,46,
Helmets,Expert Veiled Mask,70,NMR,2,2,,,,defa,,,,70,70,,,,,,,,,,134,134,51,51,
Helmets,Expert Tribal Mask,75,NMR,2,2,,,,defa,,,,76,76,,,,,,,,,,148,148,55,55,
Gloves,Stocky Mitts,1,NMR,2,2,,,,defa,,,,,,,,,,,,,15,15,,,,,
Gloves,Riveted Mitts,11,NMRU,2,2,,,,defa,,,19,,,,,,,,,,31,31,,,,,
Gloves,Tempered Mitts,16,NMRU,2,2,,,,defa,,,27,,,,,,,,,,40,40,,,,,
Gloves,Bolstered Mitts,27,NMR,2,2,,,,defa,,,44,,,,,,,,,,58,58,,,,,
Gloves,Moulded Mitts,33,NMRU,2,2,,,,defa,,,53,,,,,,,,,,68,68,,,,,
Gloves,Detailed Mitts,45,NMR,2,2,,,,disa,,,73,,,,,,,,,,88,88,,,,,
Gloves,Titan Mitts,52,NMR,2,2,,,,disa,,,83,,,,,,,,,,100,100,,,,,
Gloves,Grand Mitts,65,NMR,2,2,,,,disa,,,104,,,,,,,,,,122,122,,,,,
Gloves,Suede Bracers,1,NMRU,2,2,,,,defa,,,,,,,,,,,,,,,10,10,,,
Gloves,Firm Bracers,11,NMRU,2,2,,,,defa,,,,19,,,,,,,,,,,26,26,,,
Gloves,Bound Bracers,16,NMR,2,2,,,,defa,,,,27,,,,,,,,,,,33,33,,,
Gloves,Sectioned Bracers,28,NMRU,2,2,,,,defa,,,,46,,,,,,,,,,,52,52,,,
Gloves,Spined Bracers,33,NMRU,2,2,,,,defa,,,,53,,,,,,,,,,,60,60,,,
Gloves,Fine Bracers,45,NMRU,2,2,,,,disa,,,,73,,,,,,,,,,,79,79,,,
Gloves,Hardened Bracers,52,NMR,2,2,,,,disa,,,,83,,,,,,,,,,,90,90,,,
Gloves,Engraved Bracers,65,NMR,2,2,,,,disa,,,,104,,,,,,,,,,,111,111,,,
Gloves,Torn Gloves,1,NMRU,2,2,,,,defa,,,,,,,,,,,,,,,,,9,9,
Gloves,Sombre Gloves,12,NMRU,2,2,,,,defa,,,,,20,,,,,,,,,,,,15,15,
Gloves,Stitched Gloves,16,NMRU,2,2,,,,defa,,,,,27,,,,,,,,,,,,17,17,
Gloves,Jewelled Gloves,26,NMRU,2,2,,,,defa,,,,,43,,,,,,,,,,,,22,22,
Gloves,Intricate Gloves,33,NMRU,2,2,,,,defa,,,,,53,,,,,,,,,,,,26,26,
Gloves,Pauascale Gloves,45,NMR,2,2,,,,disa,,,,,73,,,,,,,,,,,,32,32,
Gloves,Embroidered Gloves,52,NMR,2,2,,,,disa,,,,,83,,,,,,,,,,,,35,35,
Gloves,Adorned Gloves,65,NMR,2,2,,,,disa,,,,,104,,,,,,,,,,,,42,42,
Gloves,Ringmail Gauntlets,6,NMRU,2,2,,,,defa,,,7,7,,,,,,,,,13,13,10,10,,,
Gloves,Layered Gauntlets,16,NMRU,2,2,,,,defa,,,15,15,,,,,,,,,22,22,18,18,,,
Gloves,Doubled Gauntlets,33,NMRU,2,2,,,,defa,,,30,30,,,,,,,,,37,37,33,33,,,
Gloves,Plate Gauntlets,45,NMR,2,2,,,,disa,,,40,40,,,,,,,,,48,48,44,44,,,
Gloves,Burnished Gauntlets,52,NMRU,2,2,,,,disa,,,46,46,,,,,,,,,55,55,50,50,,,
Gloves,Ornate Gauntlets,65,NMR,2,2,,,,disa,,,57,57,,,,,,,,,67,67,61,61,,,
Gloves,Rope Cuffs,5,NMRU,2,2,,,,defa,,,6,,6,,,,,,,,12,12,,,6,6,
Gloves,Aged Cuffs,16,NMRU,2,2,,,,defa,,,15,,15,,,,,,,,22,22,,,9,9,
Gloves,Goldcast Cuffs,33,NMRU,2,2,,,,defa,,,30,,30,,,,,,,,37,37,,,14,14,
Gloves,Diviner Cuffs,45,NMR,2,2,,,,disa,,,40,,40,,,,,,,,48,48,,,17,17,
Gloves,Righteous Cuffs,52,NMR,2,2,,,,disa,,,46,,46,,,,,,,,55,55,,,19,19,
Gloves,Signet Cuffs,65,NMR,2,2,,,,disa,,,57,,57,,,,,,,,67,67,,,23,23,
Gloves,Gauze Wraps,4,NMRU,2,2,,,,defa,,,,6,6,,,,,,,,,,8,8,6,6,
Gloves,Linen Wraps,16,NMRU,2,2,,,,defa,,,,15,15,,,,,,,,,,18,18,9,9,
Gloves,Spiral Wraps,33,NMR,2,2,,,,defa,,,,30,30,,,,,,,,,,33,33,14,14,
Gloves,Buckled Wraps,45,NMR,2,2,,,,defa,,,,40,40,,,,,,,,,,44,44,17,17,
Gloves,Furtive Wraps,52,NMRU,2,2,,,,disa,,,,46,46,,,,,,,,,,50,50,19,19,
Gloves,Utility Wraps,65,NMR,2,2,,,,disa,,,,57,57,,,,,,,,,,61,61,23,23,
Gloves,Grand Manchettes,65,NMRU,2,2,,,,disa,,,40,40,40,,,,,,,,44,44,40,40,15,15,
Gloves,Advanced Riveted Mitts,45,NMR,2,2,,,,defa,,,73,,,,,,,,,,88,88,,,,,
Gloves,Advanced Tempered Mitts,51,NMR,2,2,,,,defa,,,82,,,,,,,,,,98,98,,,,,
Gloves,Advanced Bolstered Mitts,55,NMR,2,2,,,,defa,,,88,,,,,,,,,,105,105,,,,,
Gloves,Advanced Moulded Mitts,59,NMR,2,2,,,,defa,,,95,,,,,,,,,,111,111,,,,,
Gloves,Advanced Firm Bracers,45,NMR,2,2,,,,defa,,,,73,,,,,,,,,,,79,79,,,
Gloves,Advanced Bound Bracers,51,NMR,2,2,,,,defa,,,,82,,,,,,,,,,,89,89,,,
Gloves,Advanced Sectioned Bracers,55,NMR,2,2,,,,defa,,,,88,,,,,,,,,,,95,95,,,
Gloves,Advanced Spined Bracers,59,NMR,2,2,,,,defa,,,,95,,,,,,,,,,,101,101,,,
Gloves,Advanced Sombre Gloves,45,NMR,2,2,,,,defa,,,,,73,,,,,,,,,,,,32,32,
Gloves,Advanced Stitched Gloves,51,NMR,2,2,,,,defa,,,,,82,,,,,,,,,,,,35,35,
Gloves,Advanced Jewelled Gloves,55,NMR,2,2,,,,defa,,,,,88,,,,,,,,,,,,37,37,
Gloves,Advanced Intricate Gloves,59,NMR,2,2,,,,defa,,,,,95,,,,,,,,,,,,39,39,
Gloves,Advanced Ringmail Gauntlets,45,NMR,2,2,,,,defa,,,40,40,,,,,,,,,48,48,44,44,,,
Gloves,Advanced Layered Gauntlets,51,NMR,2,2,,,,defa,,,46,46,,,,,,,,,54,54,49,49,,,
Gloves,Advanced Doubled Gauntlets,59,NMR,2,2,,,,defa,,,52,52,,,,,,,,,61,61,56,56,,,
Gloves,Advanced Rope Cuffs,45,NMR,2,2,,,,defa,,,40,,40,,,,,,,,48,48,,,17,17,
Gloves,Advanced Aged Cuffs,51,NMR,2,2,,,,defa,,,46,,46,,,,,,,,54,54,,,19,19,
Gloves,Advanced Goldcast Cuffs,59,NMR,2,2,,,,defa,,,52,,52,,,,,,,,61,61,,,21,21,
Gloves,Advanced Gauze Wraps,45,NMR,2,2,,,,defa,,,,40,40,,,,,,,,,,44,44,17,17,
Gloves,Advanced Linen Wraps,51,NMR,2,2,,,,defa,,,,46,46,,,,,,,,,,49,49,19,19,
Gloves,Advanced Spiral Wraps,59,NMR,2,2,,,,defa,,,,52,52,,,,,,,,,,56,56,21,21,
Gloves,Expert Riveted Mitts,65,NMR,2,2,,,,defa,,,104,,,,,,,,,,122,122,,,,,
Gloves,Expert Bolstered Mitts,70,NMR,2,2,,,,defa,,,113,,,,,,,,,,134,134,,,,,
Gloves,Expert Moulded Mitts,75,NMR,2,2,,,,defa,,,122,,,,,,,,,,146,146,,,,,
Gloves,Expert Firm Bracers,65,NMR,2,2,,,,defa,,,,104,,,,,,,,,,,111,111,,,
Gloves,Expert Sectioned Bracers,70,NMR,2,2,,,,defa,,,,113,,,,,,,,,,,122,122,,,
Gloves,Expert Spined Bracers,75,NMR,2,2,,,,defa,,,,122,,,,,,,,,,,133,133,,,
Gloves,Expert Sombre Gloves,65,NMR,2,2,,,,defa,,,,,104,,,,,,,,,,,,42,42,
Gloves,Expert Jewelled Gloves,70,NMR,2,2,,,,defa,,,,,113,,,,,,,,,,,,46,46,
Gloves,Expert Intricate Gloves,75,NMR,2,2,,,,defa,,,,,122,,,,,,,,,,,,50,50,
Gloves,Expert Ringmail Gauntlets,65,NMR,2,2,,,,defa,,,57,57,,,,,,,,,67,67,61,61,,,
Gloves,Expert Layered Gauntlets,70,NMR,2,2,,,,defa,,,62,62,,,,,,,,,74,74,67,67,,,
Gloves,Expert Doubled Gauntlets,75,NMR,2,2,,,,defa,,,67,67,,,,,,,,,80,80,73,73,,,
Gloves,Expert Rope Cuffs,65,NMR,2,2,,,,defa,,,57,,57,,,,,,,,67,67,,,23,23,
Gloves,Expert Aged Cuffs,70,NMR,2,2,,,,defa,,,62,,62,,,,,,,,74,74,,,25,25,
Gloves,Expert Goldcast Cuffs,75,NMR,2,2,,,,defa,,,67,,67,,,,,,,,80,80,,,28,28,
Gloves,Expert Gauze Wraps,65,NMR,2,2,,,,defa,,,,57,57,,,,,,,,,,61,61,23,23,
Gloves,Expert Linen Wraps,70,NMR,2,2,,,,defa,,,,62,62,,,,,,,,,,67,67,25,25,
Gloves,Expert Spiral Wraps,75,NMR,2,2,,,,defa,,,,67,67,,,,,,,,,,73,73,28,28,
Boots,Rough Greaves,1,NMRU,2,2,,,,defa,,,,,,,,,,,,,22,22,,,,,
Boots,Iron Greaves,11,NMRU,2,2,,,,defa,,,20,,,,,,,,,,47,47,,,,,
Boots,Bronze Greaves,16,NMRU,2,2,,,,defa,,,29,,,,,,,,,,60,60,,,,,
Boots,Trimmed Greaves,27,NMRU,2,2,,,,defa,,,47,,,,,,,,,,87,87,,,,,
Boots,Stone Greaves,33,NMRU,2,2,,,,defa,,,57,,,,,,,,,,102,102,,,,,
Boots,Reefsteel Greaves,45,NMR,2,2,,,,disa,,,78,,,,,,,,,,132,132,,,,,
Boots,Monument Greaves,52,NMR,2,2,,,,disa,,,89,,,,,,,,,,150,150,,,,,
Boots,Totemic Greaves,65,NMR,2,2,,,,disa,,,111,,,,,,,,,,182,182,,,,,
Boots,Rawhide Boots,1,NMR,2,2,,,,defa,,,,,,,,,,,,,,,15,15,,,
Boots,Laced Boots,11,NMRU,2,2,,,,defa,,,,20,,,,,,,,,,,38,38,,,
Boots,Embossed Boots,16,NMRU,2,2,,,,defa,,,,29,,,,,,,,,,,50,50,,,
Boots,Steeltoe Boots,28,NMRU,2,2,,,,defa,,,,49,,,,,,,,,,,79,79,,,
Boots,Lizardscale Boots,33,NMRU,2,2,,,,defa,,,,57,,,,,,,,,,,90,90,,,
Boots,Flared Boots,45,NMR,2,2,,,,disa,,,,78,,,,,,,,,,,119,119,,,
Boots,Leatherplate Boots,52,NMR,2,2,,,,disa,,,,89,,,,,,,,,,,135,135,,,
Boots,Embroidered Boots,65,NMR,2,2,,,,disa,,,,111,,,,,,,,,,,166,166,,,
Boots,Straw Sandals,1,NMRU,2,2,,,,defa,,,,,,,,,,,,,,,,,14,14,
Boots,Wrapped Sandals,11,NMRU,2,2,,,,defa,,,,,20,,,,,,,,,,,,22,22,
Boots,Lattice Sandals,16,NMRU,2,2,,,,defa,,,,,29,,,,,,,,,,,,25,25,
Boots,Silk Slippers,27,NMRU,2,2,,,,defa,,,,,47,,,,,,,,,,,,34,34,
Boots,Feathered Sandals,33,NMRU,2,2,,,,defa,,,,,57,,,,,,,,,,,,38,38,
Boots,Flax Sandals,45,NMR,2,2,,,,disa,,,,,78,,,,,,,,,,,,48,48,
Boots,Studded Sandals,52,NMR,2,2,,,,disa,,,,,89,,,,,,,,,,,,53,53,
Boots,Elaborate Sandals,65,NMR,2,2,,,,disa,,,,,111,,,,,,,,,,,,63,63,
Boots,Mail Sabatons,6,NMRU,2,2,,,,defa,,,8,8,,,,,,,,,19,19,15,15,,,
Boots,Braced Sabatons,16,NMRU,2,2,,,,defa,,,17,17,,,,,,,,,33,33,28,28,,,
Boots,Stacked Sabatons,33,NMRU,2,2,,,,defa,,,32,32,,,,,,,,,56,56,50,50,,,
Boots,Covered Sabatons,45,NMR,2,2,,,,disa,,,43,43,,,,,,,,,73,73,65,65,,,
Boots,Flexile Sabatons,52,NMR,2,2,,,,disa,,,50,50,,,,,,,,,82,82,74,74,,,
Boots,Bold Sabatons,65,NMR,2,2,,,,disa,,,61,61,,,,,,,,,100,100,91,91,,,
Boots,Padded Leggings,5,NMR,2,2,,,,defa,,,7,,7,,,,,,,,18,18,,,9,9,
Boots,Secured Leggings,16,NMRU,2,2,,,,defa,,,17,,17,,,,,,,,33,33,,,14,14,
Boots,Pelt Leggings,33,NMR,2,2,,,,defa,,,32,,32,,,,,,,,56,56,,,21,21,
Boots,Weaver Leggings,45,NMR,2,2,,,,disa,,,43,,43,,,,,,,,73,73,,,26,26,
Boots,Gilt Leggings,52,NMR,2,2,,,,disa,,,50,,50,,,,,,,,82,82,,,29,29,
Boots,Pious Leggings,65,NMR,2,2,,,,disa,,,61,,61,,,,,,,,100,100,,,35,35,
Boots,Frayed Shoes,5,NMR,2,2,,,,defa,,,,7,7,,,,,,,,,,13,13,9,9,
Boots,Threaded Shoes,16,NMRU,2,2,,,,defa,,,,17,17,,,,,,,,,,28,28,14,14,
Boots,Hunting Shoes,33,NMRU,2,2,,,,defa,,,,32,32,,,,,,,,,,50,50,21,21,
Boots,Steelpoint Shoes,45,NMR,2,2,,,,disa,,,,43,43,,,,,,,,,,65,65,26,26,
Boots,Velour Shoes,52,NMRU,2,2,,,,disa,,,,50,50,,,,,,,,,,74,74,29,29,
Boots,Bladed Shoes,65,NMR,2,2,,,,disa,,,,61,61,,,,,,,,,,91,91,35,35,
Boots,Grand Cuisses,65,NMRU,2,2,,,,disa,,,43,43,43,,,,,,,,66,66,60,60,23,23,
Boots,Advanced Iron Greaves,45,NMR,2,2,,,,defa,,,78,,,,,,,,,,132,132,,,,,
Boots,Advanced Bronze Greaves,51,NMR,2,2,,,,defa,,,88,,,,,,,,,,147,147,,,,,
Boots,Advanced Trimmed Greaves,55,NMR,2,2,,,,defa,,,95,,,,,,,,,,157,157,,,,,
Boots,Advanced Stone Greaves,59,NMR,2,2,,,,defa,,,101,,,,,,,,,,167,167,,,,,
Boots,Advanced Laced Boots,45,NMR,2,2,,,,defa,,,,78,,,,,,,,,,,119,119,,,
Boots,Advanced Embossed Boots,51,NMR,2,2,,,,defa,,,,88,,,,,,,,,,,133,133,,,
Boots,Advanced Steeltoe Boots,55,NMR,2,2,,,,defa,,,,95,,,,,,,,,,,143,143,,,
Boots,Advanced Lizardscale Boots,59,NMR,2,2,,,,defa,,,,101,,,,,,,,,,,152,152,,,
Boots,Advanced Wrapped Sandals,45,NMR,2,2,,,,defa,,,,,78,,,,,,,,,,,,48,48,
Boots,Advanced Lattice Sandals,51,NMR,2,2,,,,defa,,,,,88,,,,,,,,,,,,52,52,
Boots,Advanced Silk Slippers,55,NMR,2,2,,,,defa,,,,,95,,,,,,,,,,,,55,55,
Boots,Advanced Feathered Sandals,59,NMR,2,2,,,,defa,,,,,101,,,,,,,,,,,,58,58,
Boots,Advanced Mail Sabatons,45,NMR,2,2,,,,defa,,,43,43,,,,,,,,,73,73,65,65,,,
Boots,Advanced Braced Sabatons,51,NMR,2,2,,,,defa,,,49,49,,,,,,,,,81,81,73,73,,,
Boots,Advanced Stacked Sabatons,59,NMR,2,2,,,,defa,,,56,56,,,,,,,,,92,92,84,84,,,
Boots,Advanced Padded Leggings,45,NMR,2,2,,,,defa,,,43,,43,,,,,,,,73,73,,,26,26,
Boots,Advanced Secured Leggings,51,NMR,2,2,,,,defa,,,49,,49,,,,,,,,81,81,,,29,29,
Boots,Advanced Pelt Leggings,59,NMR,2,2,,,,defa,,,56,,56,,,,,,,,92,92,,,32,32,
Boots,Advanced Frayed Shoes,45,NMR,2,2,,,,defa,,,,43,43,,,,,,,,,,65,65,26,26,
Boots,Advanced Threaded Shoes,51,NMR,2,2,,,,defa,,,,49,49,,,,,,,,,,73,73,29,29,
Boots,Advanced Hunting Shoes,59,NMR,2,2,,,,defa,,,,56,56,,,,,,,,,,84,84,32,32,
Boots,Expert Iron Greaves,65,NMR,2,2,,,,defa,,,111,,,,,,,,,,182,182,,,,,
Boots,Expert Trimmed Greaves,70,NMR,2,2,,,,defa,,,121,,,,,,,,,,200,200,,,,,
Boots,Expert Stone Greaves,75,NMR,2,2,,,,defa,,,131,,,,,,,,,,219,219,,,,,
Boots,Expert Laced Boots,65,NMR,2,2,,,,defa,,,,111,,,,,,,,,,,166,166,,,
Boots,Expert Steeltoe Boots,70,NMR,2,2,,,,defa,,,,121,,,,,,,,,,,183,183,,,
Boots,Expert Lizardscale Boots,75,NMR,2,2,,,,defa,,,,131,,,,,,,,,,,200,200,,,
Boots,Expert Wrapped Sandals,65,NMR,2,2,,,,defa,,,,,111,,,,,,,,,,,,63,63,
Boots,Expert Silk Slippers,70,NMR,2,2,,,,defa,,,,,121,,,,,,,,,,,,69,69,
Boots,Expert Feathered Sandals,75,NMR,2,2,,,,defa,,,,,131,,,,,,,,,,,,75,75,
Boots,Expert Mail Sabatons,65,NMR,2,2,,,,defa,,,61,61,,,,,,,,,100,100,91,91,,,
Boots,Expert Braced Sabatons,70,NMR,2,2,,,,defa,,,66,66,,,,,,,,,110,110,101,101,,,
Boots,Expert Stacked Sabatons,75,NMR,2,2,,,,defa,,,71,71,,,,,,,,,120,120,110,110,,,
Boots,Expert Padded Leggings,65,NMR,2,2,,,,defa,,,61,,61,,,,,,,,100,100,,,35,35,
Boots,Expert Secured Leggings,70,NMR,2,2,,,,defa,,,66,,66,,,,,,,,110,110,,,38,38,
Boots,Expert Pelt Leggings,75,NMR,2,2,,,,defa,,,71,,71,,,,,,,,120,120,,,42,42,
Boots,Expert Frayed Shoes,65,NMR,2,2,,,,defa,,,,61,61,,,,,,,,,,91,91,35,35,
Boots,Expert Threaded Shoes,70,NMR,2,2,,,,defa,,,,66,66,,,,,,,,,,101,101,38,38,
Boots,Expert Hunting Shoes,75,NMR,2,2,,,,defa,,,,71,71,,,,,,,,,,110,110,42,42,
Body Armours,Rusted Cuirass,1,NMRU,2,2,,,,defa,,,,,,,,,,,,,45,45,,,,,
Body Armours,Fur Plate,4,NMRU,2,2,,,,defa,,,10,,,,,,,,,,60,60,,,,,
Body Armours,Iron Cuirass,11,NMRU,2,2,,,,defa,,,24,,,,,,,,,,96,96,,,,,
Body Armours,Raider Plate,16,NMRU,2,2,,,,defa,,,34,,,,,,,,,,121,121,,,,,
Body Armours,Maraketh Cuirass,20,NMRU,2,2,,,,defa,,,42,,,,,,,,,,141,141,,,,,
Body Armours,Steel Plate,27,NMRU,2,2,,,,defa,,,57,,,,,,,,,,177,177,,,,,
Body Armours,Full Plate,33,NMRU,2,2,,,,defa,,,68,,,,,,,,,,208,208,,,,,
Body Armours,Vaal Cuirass,37,NMRU,2,2,,,,defa,,,77,,,,,,,,,,228,228,,,,,
Body Armours,Juggernaut Plate,45,NMR,2,2,,,,disa,,,94,,,,,,,,,,269,269,,,,,
Body Armours,Chieftain Cuirass,50,NMR,2,2,,,,disa,,,104,,,,,,,,,,294,294,,,,,
Body Armours,Colosseum Plate,52,NMR,2,2,,,,disa,,,107,,,,,,,,,,304,304,,,,,
Body Armours,Champion Cuirass,58,NMRU,2,2,,,,disa,,,120,,,,,,,,,,335,335,,,,,
Body Armours,Glorious Plate,65,NMR,2,2,,,,disa,,,157,,,,,,,,,,534,534,,,,,
Body Armours,Conqueror Plate,68,NMRU,2,2,,,,disa,,,157,,,,,,,,(30–40)% increased Stun Threshold,,445,445,,,,,
Body Armours,Abyssal Cuirass,73,NMR,2,2,,,,disa,,,157,,,,,,,,Regenerate (1.5–2.5)% of Life per second,,445,445,,,,,
Body Armours,Leather Vest,1,NMRU,2,2,,,,defa,,,,,,,,,,,,,,,30,30,,,
Body Armours,Quilted Vest,4,NMRU,2,2,,,,defa,,,,10,,,,,,,,,,,44,44,,,
Body Armours,Pathfinder Coat,11,NMRU,2,2,,,,defa,,,,24,,,,,,,,,,,78,78,,,
Body Armours,Shrouded Vest,16,NMR,2,2,,,,defa,,,,34,,,,,,,,,,,102,102,,,
Body Armours,Rhoahide Coat,22,NMRU,2,2,,,,defa,,,,47,,,,,,,,,,,131,131,,,
Body Armours,Studded Vest,26,NMRU,2,2,,,,defa,,,,55,,,,,,,,,,,150,150,,,
Body Armours,Scout's Vest,33,NMRU,2,2,,,,defa,,,,68,,,,,,,,,,,184,184,,,
Body Armours,Serpentscale Coat,36,NMRU,2,2,,,,defa,,,,75,,,,,,,,,,,198,198,,,
Body Armours,Corsair Vest,45,NMR,2,2,,,,disa,,,,94,,,,,,,,,,,242,242,,,
Body Armours,Smuggler Coat,48,NMRU,2,2,,,,disa,,,,99,,,,,,,,,,,256,256,,,
Body Armours,Strider Vest,52,NMR,2,2,,,,disa,,,,107,,,,,,,,,,,275,275,,,
Body Armours,Hardleather Coat,56,NMR,2,2,,,,disa,,,,115,,,,,,,,,,,295,295,,,
Body Armours,Exquisite Vest,65,NMR,2,2,,,,disa,,,,157,,,,,,,,,,,487,487,,,
Body Armours,Mail Coat,68,NMR,2,2,,,,disa,,,,157,,,,,,,(20–30)% reduced Slowing Potency of Debuffs on You,,,,406,406,,,
Body Armours,Armoured Vest,73,NMR,2,2,,,,disa,,,,157,,,,,,,(30–40)% increased Elemental Ailment Threshold,,,,406,406,,,
Body Armours,Tattered Robe,1,NMRU,2,2,,,,defa,,,,,,,,,,,,,,,,,28,28,
Body Armours,Feathered Robe,5,NMRU,2,2,,,,defa,,,,,13,,,,,,,,,,,,35,35,
Body Armours,Hexer's Robe,11,NMRU,2,2,,,,defa,,,,,24,,,,,,,,,,,,44,44,
Body Armours,Bone Raiment,16,NMRU,2,2,,,,defa,,,,,34,,,,,,,,,,,,52,52,
Body Armours,Silk Robe,22,NMRU,2,2,,,,defa,,,,,47,,,,,,,,,,,,61,61,
Body Armours,Keth Raiment,28,NMRU,2,2,,,,defa,,,,,59,,,,,,,,,,,,70,70,
Body Armours,Votive Raiment,33,NMRU,2,2,,,,defa,,,,,68,,,,,,,,,,,,78,78,
Body Armours,Altar Robe,40,NMRU,2,2,,,,defa,,,,,83,,,,,,,,,,,,89,89,
Body Armours,Elementalist Robe,45,NMR,2,2,,,,disa,,,,,94,,,,,,,,,,,,97,97,
Body Armours,Mystic Raiment,47,NMR,2,2,,,,disa,,,,,97,,,,,,,,,,,,100,100,
Body Armours,Imperial Robe,52,NMR,2,2,,,,disa,,,,,107,,,,,,,,,,,,108,108,
Body Armours,Plated Raiment,58,NMR,2,2,,,,disa,,,,,120,,,,,,,,,,,,117,117,
Body Armours,Havoc Raiment,65,NMR,2,2,,,,disa,,,,,157,,,,,,,,,,,,184,184,
Body Armours,Enlightened Robe,68,NMR,2,2,,,,disa,,,,,157,,,,,,(40–50)% increased Mana Regeneration Rate,,,,,,153,153,
Body Armours,Arcane Robe,73,NMR,2,2,,,,disa,,,,,157,,,,,,(40–50)% faster start of Energy Shield Recharge,,,,,,153,153,
Body Armours,Chain Mail,1,NMRU,2,2,,,,defa,,,,,,,,,,,,,25,25,16,16,,,
Body Armours,Rogue Armour,11,NMRU,2,2,,,,defa,,,14,14,,,,,,,,,53,53,43,43,,,
Body Armours,Vagabond Armour,16,NMRU,2,2,,,,defa,,,20,20,,,,,,,,,67,67,56,56,,,
Body Armours,Cloaked Mail,26,NMRU,2,2,,,,defa,,,31,31,,,,,,,,,95,95,83,83,,,
Body Armours,Explorer Armour,33,NMRU,2,2,,,,defa,,,39,39,,,,,,,,,114,114,101,101,,,
Body Armours,Scale Mail,37,NMRU,2,2,,,,defa,,,43,43,,,,,,,,,125,125,112,112,,,
Body Armours,Knight Armour,45,U,2,2,,,,disa,,,51,51,,,,,,,,,148,148,133,133,,,
Body Armours,Ancestral Mail,50,NMR,2,2,,,,disa,,,57,57,,,,,,,,,162,162,146,146,,,
Body Armours,Lamellar Mail,52,NMR,2,2,,,,disa,,,59,59,,,,,,,,,167,167,151,151,,,
Body Armours,Gladiator Armour,58,NMR,2,2,,,,disa,,,66,66,,,,,,,,,184,184,167,167,,,
Body Armours,Heroic Armour,65,NMR,2,2,,,,disa,,,86,86,,,,,,,+(60–80) to maximum Life,,245,245,223,223,,,
Body Armours,Tournament Mail,68,NMR,2,2,,,,disa,,,86,86,,,,,,,+(20–25)% to an elemental Resistance,,245,245,223,223,,,
Body Armours,Slayer Armour,73,NMR,2,2,,,,disa,,,86,86,,,,,,,,,294,294,268,268,,,
Body Armours,Pilgrim Vestments,1,NMRU,2,2,,,,defa,,,,,,,,,,,,,25,25,,,16,16,
Body Armours,Pelt Mantle,10,NMR,2,2,,,,defa,,,14,,14,,,,,,,,50,50,,,23,23,
Body Armours,Mail Vestments,16,NMRU,2,2,,,,defa,,,20,,20,,,,,,,,67,67,,,28,28,
Body Armours,Shaman Mantle,28,NMRU,2,2,,,,defa,,,33,,33,,,,,,,,100,100,,,39,39,
Body Armours,Ironclad Vestments,33,NMRU,2,2,,,,defa,,,39,,39,,,,,,,,114,114,,,43,43,
Body Armours,Sacrificial Mantle,36,NMR,2,2,,,,defa,,,41,,41,,,,,,,,123,123,,,46,46,
Body Armours,Cleric Vestments,45,NMR,2,2,,,,disa,,,51,,51,,,,,,,,148,148,,,53,53,
Body Armours,Tideseer Mantle,51,NMR,2,2,,,,disa,,,59,,59,,,,,,,,165,165,,,58,58,
Body Armours,Gilded Vestments,52,NMRU,2,2,,,,disa,,,59,,59,,,,,,,,167,167,,,59,59,
Body Armours,Venerated Mantle,54,NMR,2,2,,,,disa,,,61,,61,,,,,,,,173,173,,,61,61,
Body Armours,Revered Vestments,65,NMR,2,2,,,,disa,,,86,,86,,,,,,+1% to all Maximum Elemental Resistances,,245,245,,,84,84,
Body Armours,Corvus Mantle,68,NMR,2,2,,,,disa,,,86,,86,,,,,,+(20–30) to Spirit,,245,245,,,84,84,
Body Armours,Zenith Vestments,73,NMR,2,2,,,,disa,,,86,,86,,,,,,,,294,294,,,101,101,
Body Armours,Hermit Garb,1,NMRU,2,2,,,,defa,,,,,,,,,,,,,,,16,16,16,16,
Body Armours,Waxed Jacket,11,NMRU,2,2,,,,defa,,,,14,14,,,,,,,,,,43,43,24,24,
Body Armours,Marabout Garb,16,NMRU,2,2,,,,defa,,,,20,20,,,,,,,,,,56,56,28,28,
Body Armours,Wayfarer Jacket,28,NMRU,2,2,,,,defa,,,,33,33,,,,,,,,,,88,88,39,39,
Body Armours,Anchorite Garb,33,NMRU,2,2,,,,defa,,,,39,39,,,,,,,,,,101,101,43,43,
Body Armours,Scalper's Jacket,39,NMR,2,2,,,,defa,,,,45,45,,,,,,,,,,117,117,48,48,
Body Armours,Scoundrel Jacket,45,NMR,2,2,,,,disa,,,,51,51,,,,,,,,,,133,133,53,53,
Body Armours,Ascetic Garb,51,NMR,2,2,,,,disa,,,,59,59,,,,,,,,,,149,149,58,58,
Body Armours,Clandestine Jacket,52,NMR,2,2,,,,disa,,,,59,59,,,,,,,,,,151,151,59,59,
Body Armours,Monastic Garb,56,NMR,2,2,,,,disa,,,,64,64,,,,,,,,,,162,162,63,63,
Body Armours,Torment Jacket,65,NMR,2,2,,,,disa,,,,86,86,,,,,,,,,,268,268,101,101,
Body Armours,Devout Garb,68,NMR,2,2,,,,disa,,,,86,86,,,,,,+(7–13)% to Chaos Resistance,,,,223,223,84,84,
Body Armours,Assassin Garb,73,NMR,2,2,,,,disa,,,,86,86,,,,,,5% increased Movement Speed,,,,223,223,84,84,
Body Armours,Garment,1,NMRU,2,2,,,,disa,,,,,,,,,,,,,,,,,,,
Body Armours,Grand Regalia,65,NMRU,2,2,,,,disa,,,51,51,51,,,,,,,,135,135,123,123,46,46,
Body Armours,Advanced Fur Plate,45,NMR,2,2,,,,defa,,,94,,,,,,,,,,269,269,,,,,
Body Armours,Advanced Iron Cuirass,48,NMR,2,2,,,,defa,,,99,,,,,,,,,,284,284,,,,,
Body Armours,Advanced Maraketh Cuirass,51,NMR,2,2,,,,defa,,,105,,,,,,,,,,299,299,,,,,
Body Armours,Advanced Steel Plate,55,NMR,2,2,,,,defa,,,113,,,,,,,,,,320,320,,,,,
Body Armours,Advanced Full Plate,59,NMR,2,2,,,,defa,,,122,,,,,,,,,,340,340,,,,,
Body Armours,Advanced Vaal Cuirass,62,NMR,2,2,,,,defa,,,128,,,,,,,,,,355,355,,,,,
Body Armours,Advanced Quilted Vest,45,NMR,2,2,,,,defa,,,,94,,,,,,,,,,,242,242,,,
Body Armours,Advanced Pathfinder Coat,48,NMR,2,2,,,,defa,,,,99,,,,,,,,,,,256,256,,,
Body Armours,Advanced Rhoahide Coat,51,NMR,2,2,,,,defa,,,,105,,,,,,,,,,,271,271,,,
Body Armours,Advanced Studded Vest,55,NMR,2,2,,,,defa,,,,113,,,,,,,,,,,290,290,,,
Body Armours,Advanced Scout's Vest,59,NMR,2,2,,,,defa,,,,122,,,,,,,,,,,309,309,,,
Body Armours,Advanced Serpentscale Coat,62,NMR,2,2,,,,defa,,,,128,,,,,,,,,,,324,324,,,
Body Armours,Advanced Feathered Robe,45,NMR,2,2,,,,defa,,,,,94,,,,,,,,,,,,97,97,
Body Armours,Advanced Hexer's Robe,48,NMR,2,2,,,,defa,,,,,99,,,,,,,,,,,,101,101,
Body Armours,Advanced Silk Robe,51,NMR,2,2,,,,defa,,,,,105,,,,,,,,,,,,106,106,
Body Armours,Advanced Keth Raiment,55,NMR,2,2,,,,defa,,,,,113,,,,,,,,,,,,112,112,
Body Armours,Advanced Votive Raiment,59,NMR,2,2,,,,defa,,,,,122,,,,,,,,,,,,119,119,
Body Armours,Advanced Altar Robe,62,NMR,2,2,,,,defa,,,,,128,,,,,,,,,,,,123,123,
Body Armours,Advanced Chain Mail,45,NMR,2,2,,,,defa,,,51,51,,,,,,,,,148,148,133,133,,,
Body Armours,Advanced Rogue Armour,48,NMR,2,2,,,,defa,,,55,55,,,,,,,,,156,156,141,141,,,
Body Armours,Advanced Vagabond Armour,51,NMR,2,2,,,,defa,,,59,59,,,,,,,,,165,165,149,149,,,
Body Armours,Advanced Cloaked Mail,55,NMR,2,2,,,,defa,,,62,62,,,,,,,,,176,176,159,159,,,
Body Armours,Advanced Explorer Armour,59,NMR,2,2,,,,defa,,,67,67,,,,,,,,,187,187,170,170,,,
Body Armours,Advanced Scale Mail,62,NMR,2,2,,,,defa,,,70,70,,,,,,,,,195,195,178,178,,,
Body Armours,Advanced Pilgrim Vestments,45,NMR,2,2,,,,defa,,,51,,51,,,,,,,,148,148,,,53,53,
Body Armours,Advanced Pelt Mantle,48,NMR,2,2,,,,defa,,,55,,55,,,,,,,,156,156,,,56,56,
Body Armours,Advanced Mail Vestments,51,NMR,2,2,,,,defa,,,59,,59,,,,,,,,165,165,,,58,58,
Body Armours,Advanced Shaman Mantle,55,NMR,2,2,,,,defa,,,62,,62,,,,,,,,176,176,,,62,62,
Body Armours,Advanced Ironclad Vestments,59,NMR,2,2,,,,defa,,,67,,67,,,,,,,,187,187,,,65,65,
Body Armours,Advanced Sacrificial Mantle,62,NMR,2,2,,,,defa,,,70,,70,,,,,,,,195,195,,,68,68,
Body Armours,Advanced Hermit Garb,45,NMR,2,2,,,,defa,,,,51,51,,,,,,,,,,133,133,53,53,
Body Armours,Advanced Waxed Jacket,48,NMR,2,2,,,,defa,,,,55,55,,,,,,,,,,141,141,56,56,
Body Armours,Advanced Marabout Garb,51,NMR,2,2,,,,defa,,,,59,59,,,,,,,,,,149,149,58,58,
Body Armours,Advanced Wayfarer Jacket,55,NMR,2,2,,,,defa,,,,62,62,,,,,,,,,,159,159,62,62,
Body Armours,Advanced Anchorite Garb,59,NMR,2,2,,,,defa,,,,67,67,,,,,,,,,,170,170,65,65,
Body Armours,Advanced Scalper's Jacket,62,NMR,2,2,,,,defa,,,,70,70,,,,,,,,,,178,178,68,68,
Body Armours,Expert Iron Cuirass,65,NMR,2,2,,,,defa,,,157,,,,,,,,,,534,534,,,,,
Body Armours,Expert Steel Plate,70,NMR,2,2,,,,defa,,,157,,,,,,,,Regenerate (1.5–2.5)% of Life per second,,445,445,,,,,
Body Armours,Expert Vaal Cuirass,75,NMR,2,2,,,,defa,,,157,,,,,,,,(30–40)% increased Stun Threshold,,445,445,,,,,
Body Armours,Expert Pathfinder Coat,65,NMR,2,2,,,,defa,,,,157,,,,,,,(20–30)% reduced Slowing Potency of Debuffs on You,,,,406,406,,,
Body Armours,Expert Studded Vest,70,NMR,2,2,,,,defa,,,,157,,,,,,,,,,,487,487,,,
Body Armours,Expert Serpentscale Coat,75,NMR,2,2,,,,defa,,,,157,,,,,,,(30–40)% increased Elemental Ailment Threshold,,,,406,406,,,
Body Armours,Expert Hexer's Robe,65,NMR,2,2,,,,defa,,,,,157,,,,,,,,,,,,184,184,
Body Armours,Expert Keth Raiment,70,NMR,2,2,,,,defa,,,,,157,,,,,,(40–50)% increased Mana Regeneration Rate,,,,,,153,153,
Body Armours,Expert Altar Robe,75,NMR,2,2,,,,defa,,,,,157,,,,,,(40–50)% faster start of Energy Shield Recharge,,,,,,153,153,
Body Armours,Expert Rogue Armour,65,NMR,2,2,,,,defa,,,86,86,,,,,,,+(60–80) to maximum Life,,245,245,223,223,,,
Body Armours,Expert Cloaked Mail,70,NMR,2,2,,,,defa,,,86,86,,,,,,,(20–25)% to one Elemental Resistance,,245,245,223,223,,,
Body Armours,Expert Scale Mail,75,NMR,2,2,,,,defa,,,86,86,,,,,,,,,294,294,268,268,,,
Body Armours,Expert Pelt Mantle,65,NMR,2,2,,,,defa,,,86,,86,,,,,,,,294,294,,,101,101,
Body Armours,Expert Shaman Mantle,70,NMR,2,2,,,,defa,,,86,,86,,,,,,+(20–30) to Spirit,,245,245,,,84,84,
Body Armours,Expert Sacrificial Mantle,75,NMR,2,2,,,,defa,,,86,,86,,,,,,+1% to all Maximum Elemental Resistances,,245,245,,,84,84,
Body Armours,Expert Waxed Jacket,65,NMR,2,2,,,,defa,,,,86,86,,,,,,,,,,268,268,101,101,
Body Armours,Expert Wayfarer Jacket,70,NMR,2,2,,,,defa,,,,86,86,,,,,,+(7–13)% to Chaos Resistance,,,,223,223,84,84,
Body Armours,Expert Scalper's Jacket,75,NMR,2,2,,,,defa,,,,86,86,,,,,,5% increased Movement Speed,,,,223,223,84,84,
Foci,Twig Focus,1,NMRU,2,2,,,,defa,,,,,,,,,,,,,,,,,12,12,
Foci,Woven Focus,6,NMRU,2,2,,,,defa,,,,,13,,,,,,,,,,,,15,15,
Foci,Antler Focus,10,NMR,2,2,,,,defa,,,,,20,,,,,,,,,,,,17,17,
Foci,Engraved Focus,16,NMRU,2,2,,,,defa,,,,,30,,,,,,,,,,,,21,21,
Foci,Tonal Focus,22,NMRU,2,2,,,,defa,,,,,42,,,,,,,,,,,,25,25,
Foci,Crystal Focus,26,NMRU,2,2,,,,defa,,,,,49,,,,,,,,,,,,28,28,
Foci,Voodoo Focus,33,NMR,2,2,,,,defa,,,,,61,,,,,,,,,,,,32,32,
Foci,Plumed Focus,36,NMR,2,2,,,,defa,,,,,66,,,,,,,,,,,,34,34,
Foci,Jade Focus,45,NMR,2,2,,,,disa,,,,,83,,,,,,,,,,,,40,40,
Foci,Paua Focus,51,NMR,2,2,,,,disa,,,,,94,,,,,,,,,,,,43,43,
Foci,Elegant Focus,52,NMR,2,2,,,,disa,,,,,95,,,,,,,,,,,,44,44,
Foci,Attuned Focus,57,NMR,2,2,,,,disa,,,,,104,,,,,,,,,,,,47,47,
Foci,Magus Focus,65,NMR,2,2,,,,disa,,,,,118,,,,,,,,,,,,52,52,
Foci,Advanced Woven Focus,45,NMR,2,2,,,,defa,,,,,83,,,,,,,,,,,,40,40,
Foci,Advanced Antler Focus,48,NMR,2,2,,,,defa,,,,,88,,,,,,,,,,,,42,42,
Foci,Advanced Tonal Focus,51,NMR,2,2,,,,defa,,,,,94,,,,,,,,,,,,43,43,
Foci,Advanced Crystal Focus,55,NMR,2,2,,,,defa,,,,,101,,,,,,,,,,,,46,46,
Foci,Advanced Voodoo Focus,59,NMR,2,2,,,,defa,,,,,108,,,,,,,,,,,,49,49,
Foci,Advanced Plumed Focus,61,NMR,2,2,,,,defa,,,,,112,,,,,,,,,,,,50,50,
Foci,Expert Antler Focus,65,NMR,2,2,,,,defa,,,,,118,,,,,,,,,,,,52,52,
Foci,Expert Crystal Focus,70,NMR,2,2,,,,defa,,,,,129,,,,,,,,,,,,58,58,
Foci,Expert Plumed Focus,75,NMR,2,2,,,,defa,,,,,139,,,,,,,,,,,,63,63,
Shields,Splintered Tower Shield,1,NMRU,2,2,,,,defa,,,,,,,,,,,,,18,18,,,,,26
Shields,Painted Tower Shield,6,NMRU,2,2,,,,defa,,,13,,,,,,,,,,29,29,,,,,26
Shields,Braced Tower Shield,12,NMRU,2,2,,,,defa,,,23,,,,,,,,,,41,41,,,,,26
Shields,Barricade Tower Shield,16,NMR,2,2,,,,defa,,,30,,,,,,,,,,50,50,,,,,26
Shields,Effigial Tower Shield,21,NMRU,2,2,,,,defa,,,40,,,,,,,,,,60,60,,,,,26
Shields,Rampart Tower Shield,28,NMRU,2,2,,,,defa,,,52,,,,,,,,,,75,75,,,,,26
Shields,Heraldric Tower Shield,33,NMR,2,2,,,,defa,,,61,,,,,,,,,,85,85,,,,,26
Shields,Stone Tower Shield,36,NMRU,2,2,,,,defa,,,66,,,,,,,,,,91,91,,,,,26
Shields,Crucible Tower Shield,45,NMRU,2,2,,,,disa,,,83,,,,,,,,,,110,110,,,,,26
Shields,Ancestor Tower Shield,50,NMR,2,2,,,,disa,,,92,,,,,,,,,,121,121,,,,,26
Shields,Phalanx Tower Shield,52,NMR,2,2,,,,disa,,,95,,,,,,,,,,125,125,,,,,26
Shields,Defiant Tower Shield,58,NMR,2,2,,,,disa,,,106,,,,,,,,,,137,137,,,,,26
Shields,Blacksteel Tower Shield,65,NMR,2,2,,,,disa,,,118,,,,,,,,,,152,152,,,,,26
Shields,Hardwood Targe,1,NMRU,2,2,,,,defa,,,,,,,,,,,,,10,10,7,7,,,25
Shields,Pelage Targe,8,NMRU,2,2,,,,defa,,,10,10,,,,,,,,,18,18,14,14,,,25
Shields,Studded Targe,16,NMR,2,2,,,,defa,,,18,18,,,,,,,,,27,27,23,23,,,25
Shields,Crescent Targe,26,NMRU,2,2,,,,defa,,,27,27,,,,,,,,,39,39,34,34,,,25
Shields,Chiseled Targe,33,NMR,2,2,,,,defa,,,34,34,,,,,,,,,47,47,41,41,,,25
Shields,Feathered Targe,37,NMR,2,2,,,,defa,,,38,38,,,,,,,,,51,51,46,46,,,25
Shields,Stratified Targe,45,NMR,2,2,,,,disa,,,46,46,,,,,,,,,61,61,54,54,,,25
Shields,Carved Targe,47,NMR,2,2,,,,disa,,,48,48,,,,,,,,,63,63,57,57,,,25
Shields,Mosaic Targe,52,NMR,2,2,,,,disa,,,53,53,,,,,,,,,69,69,62,62,,,25
Shields,Aureate Targe,57,NMR,2,2,,,,disa,,,58,58,,,,,,,,,74,74,68,68,,,25
Shields,Grand Targe,65,NMR,2,2,,,,disa,,,65,65,,,,,,,,,84,84,76,76,,,25
Shields,Blazon Crest Shield,1,NMRU,2,2,,,,defa,,,,,,,,,,,,,10,10,,,6,6,25
Shields,Sigil Crest Shield,7,NMRU,2,2,,,,defa,,,10,,10,,,,,,,,17,17,,,8,8,25
Shields,Emblem Crest Shield,16,NMRU,2,2,,,,defa,,,18,,18,,,,,,,,27,27,,,12,12,25
Shields,Jingling Crest Shield,28,NMRU,2,2,,,,defa,,,30,,30,,,,,,,,41,41,,,16,16,25
Shields,Sectarian Crest Shield,33,NMR,2,2,,,,defa,,,34,,34,,,,,,,,47,47,,,18,18,25
Shields,Omen Crest Shield,36,NMRU,2,2,,,,defa,,,37,,37,,,,,,,,50,50,,,19,19,25
Shields,Wayward Crest Shield,45,NMR,2,2,,,,disa,,,46,,46,,,,,,,,61,61,,,22,22,25
Shields,Seer Crest Shield,49,NMR,2,2,,,,disa,,,50,,50,,,,,,,,65,65,,,23,23,25
Shields,Stoic Crest Shield,52,NMR,2,2,,,,disa,,,53,,53,,,,,,,,69,69,,,24,24,25
Shields,Empyreal Crest Shield,57,NMR,2,2,,,,disa,,,58,,58,,,,,,,,74,74,,,26,26,25
Shields,Deified Crest Shield,65,NMR,2,2,,,,disa,,,65,,65,,,,,,,,84,84,,,29,29,25
Shields,Leather Buckler,1,NMR,2,2,,,,defa,,,,,,,,,,,,,,,12,12,,,24
Shields,Wooden Buckler,5,NMR,2,2,,,,defa,,,,11,,,,,,,,,,,20,20,,,24
Shields,Plated Buckler,11,NMR,2,2,,,,defa,,,,22,,,,,,,,,,,32,32,,,24
Shields,Iron Buckler,16,NMR,2,2,,,,defa,,,,30,,,,,,,,,,,42,42,,,24
Shields,Ridged Buckler,22,NMR,2,2,,,,defa,,,,42,,,,,,,,,,,54,54,,,24
Shields,Spiked Buckler,26,NMR,2,2,,,,defa,,,,49,,,,,,,,,,,62,62,,,24
Shields,Ringed Buckler,33,NMR,2,2,,,,defa,,,,61,,,,,,,,,,,75,75,,,24
Shields,Edged Buckler,39,NMR,2,2,,,,defa,,,,72,,,,,,,,,,,87,87,,,24
Shields,Laminate Buckler,45,NMR,2,2,,,,disa,,,,83,,,,,,,,,,,99,99,,,24
Shields,Pearl Buckler,48,NMR,2,2,,,,disa,,,,88,,,,,,,,,,,105,105,,,24
Shields,Ornate Buckler,52,NMR,2,2,,,,disa,,,,95,,,,,,,,,,,113,113,,,24
Shields,Array Buckler,55,NMR,2,2,,,,disa,,,,101,,,,,,,,,,,119,119,,,24
Shields,Aegis Buckler,65,NMR,2,2,,,,disa,,,,118,,,,,,,,,,,139,139,,,24
Shields,Advanced Painted Tower Shield,45,NMR,2,2,,,,defa,,,83,,,,,,,,,,110,110,,,,,26
Shields,Advanced Braced Tower Shield,48,NMR,2,2,,,,defa,,,88,,,,,,,,,,116,116,,,,,26
Shields,Advanced Effigial Tower Shield,51,NMR,2,2,,,,defa,,,94,,,,,,,,,,123,123,,,,,26
Shields,Advanced Rampart Tower Shield,55,NMR,2,2,,,,defa,,,101,,,,,,,,,,131,131,,,,,26
Shields,Advanced Heraldric Tower Shield,59,NMR,2,2,,,,defa,,,108,,,,,,,,,,139,139,,,,,26
Shields,Advanced Stone Tower Shield,61,NMR,2,2,,,,defa,,,112,,,,,,,,,,144,144,,,,,26
Shields,Advanced Hardwood Targe,45,NMR,2,2,,,,defa,,,46,46,,,,,,,,,61,61,54,54,,,25
Shields,Advanced Pelage Targe,48,NMR,2,2,,,,defa,,,49,49,,,,,,,,,64,64,58,58,,,25
Shields,Advanced Studded Targe,51,NMR,2,2,,,,defa,,,52,52,,,,,,,,,67,67,61,61,,,25
Shields,Advanced Crescent Targe,55,NMR,2,2,,,,defa,,,55,55,,,,,,,,,72,72,65,65,,,25
Shields,Advanced Chiseled Targe,59,NMR,2,2,,,,defa,,,59,59,,,,,,,,,77,77,70,70,,,25
Shields,Advanced Feathered Targe,62,NMR,2,2,,,,defa,,,62,62,,,,,,,,,80,80,73,73,,,25
Shields,Advanced Blazon Crest Shield,45,NMR,2,2,,,,defa,,,46,,46,,,,,,,,61,61,,,22,22,25
Shields,Advanced Sigil Crest Shield,48,NMR,2,2,,,,defa,,,49,,49,,,,,,,,64,64,,,23,23,25
Shields,Advanced Emblem Crest Shield,51,NMR,2,2,,,,defa,,,52,,52,,,,,,,,67,67,,,24,24,25
Shields,Advanced Jingling Crest Shield,55,NMR,2,2,,,,defa,,,55,,55,,,,,,,,72,72,,,25,25,25
Shields,Advanced Sectarian Crest Shield,59,NMR,2,2,,,,defa,,,59,,59,,,,,,,,77,77,,,27,27,25
Shields,Advanced Omen Crest Shield,62,NMR,2,2,,,,defa,,,62,,62,,,,,,,,80,80,,,28,28,25
Shields,Advanced Wooden Buckler,45,NMR,2,2,,,,defa,,,,83,,,,,,,,,,,99,99,,,24
Shields,Advanced Plated Buckler,48,NMR,2,2,,,,defa,,,,88,,,,,,,,,,,105,105,,,24
Shields,Advanced Ridged Buckler,51,NMR,2,2,,,,defa,,,,94,,,,,,,,,,,111,111,,,24
Shields,Advanced Spiked Buckler,55,NMR,2,2,,,,defa,,,,101,,,,,,,,,,,119,119,,,24
Shields,Advanced Ringed Buckler,59,NMR,2,2,,,,defa,,,,108,,,,,,,,,,,127,127,,,24
Shields,Advanced Edged Buckler,61,NMR,2,2,,,,defa,,,,112,,,,,,,,,,,131,131,,,24
Shields,Expert Braced Tower Shield,65,NMR,2,2,,,,defa,,,118,,,,,,,,,,152,152,,,,,26
Shields,Expert Rampart Tower Shield,70,NMR,2,2,,,,defa,,,129,,,,,,,,,,167,167,,,,,26
Shields,Expert Stone Tower Shield,75,NMR,2,2,,,,defa,,,139,,,,,,,,,,182,182,,,,,26
Shields,Expert Pelage Targe,65,NMR,2,2,,,,defa,,,65,65,,,,,,,,,84,84,76,76,,,25
Shields,Expert Crescent Targe,70,NMR,2,2,,,,defa,,,70,70,,,,,,,,,92,92,84,84,,,25
Shields,Expert Feathered Targe,75,NMR,2,2,,,,defa,,,76,76,,,,,,,,,100,100,91,91,,,25
Shields,Expert Sigil Crest Shield,65,NMR,2,2,,,,defa,,,65,,65,,,,,,,,84,84,,,29,29,25
Shields,Expert Jingling Crest Shield,70,NMR,2,2,,,,defa,,,70,,70,,,,,,,,92,92,,,32,32,25
Shields,Expert Omen Crest Shield,75,NMR,2,2,,,,defa,,,76,,76,,,,,,,,100,100,,,35,35,25
Shields,Expert Plated Buckler,65,NMR,2,2,,,,defa,,,,118,,,,,,,,,,,139,139,,,24
Shields,Expert Spiked Buckler,70,NMR,2,2,,,,defa,,,,129,,,,,,,,,,,152,152,,,24
Shields,Expert Edged Buckler,75,NMR,2,2,,,,defa,,,,139,,,,,,,,,,,166,166,,,24
Quivers,Broadhead Quiver,1,NMRU,2,2,,,,defa,,,,,,,,,,,Adds 1 to 3 Physical Damage to Attacks,,,,,,,,
Quivers,Fire Quiver,8,NMRU,2,2,,,,defa,,,,,,,,,,,Adds 3 to 5 Fire damage to Attacks,,,,,,,,
Quivers,Sacral Quiver,16,NMR,2,2,,,,defa,,,,,,,,,,,Gain (2–3) Life per Enemy Hit with Attacks,,,,,,,,
Quivers,Two-Point Quiver,24,NMR,2,2,,,,defa,,,,,,,,,,,(20–30)% increased Accuracy Rating,,,,,,,,
Quivers,Blunt Quiver,33,NMR,2,2,,,,defa,,,,,,,,,,,(20–30)% reduced Enemy Stun Threshold,,,,,,,,
Quivers,Toxic Quiver,39,NMR,2,2,,,,defa,,,,,,,,,,,(10–15)% chance to Poison on Hit with Attacks,,,,,,,,
Quivers,Serrated Quiver,44,NMR,2,2,,,,defa,,,,,,,,,,,Attacks have (10–15)% chance to cause Bleeding,,,,,,,,
Quivers,Primed Quiver,51,NMR,2,2,,,,defa,,,,,,,,,,,(7–10)% increased Attack Speed,,,,,,,,
Quivers,Penetrating Quiver,55,NMR,2,2,,,,defa,,,,,,,,,,,100% chance to Pierce an Enemy,,,,,,,,
Quivers,Volant Quiver,61,NMR,2,2,,,,defa,,,,,,,,,,,(20–30)% increased Arrow Speed,,,,,,,,
Quivers,Visceral Quiver,65,NMRU,2,2,,,,defa,,,,,,,,,,,(20–30)% increased Critical Hit Chance for Attacks,,,,,,,,
Wands,Withered Wand,1,NMR,2,1,,,,defa,,,,,,,,,,,Grants Skill: Chaos Bolt,,,,,,,,
Wands,Bone Wand,2,NMRU,2,1,,,,defa,,,,,,,,,,,Grants Skill: Bone Blast,,,,,,,,
Wands,Attuned Wand,2,NMRU,2,1,,,,defa,,,,,,,,,,,Grants Skill: Mana Drain,,,,,,,,
Wands,Siphoning Wand,11,NMR,2,1,,,,defa,,,,,,,,,,,Grants Skill: Power Siphon,,,,,,,,
Wands,Volatile Wand,16,NMRU,2,1,,,,defa,,,,,,,,,,,Grants Skill: Volatile Dead,,,,,,,,
Wands,Galvanic Wand,25,NMR,2,1,,,,disa,,,,,,,,,,,Grants Skill: Galvanic Field,,,,,,,,
Wands,Acrid Wand,99,NMR,2,1,,,,disa,,,,,,,,,,,Grants Skill: Decompose,,,,,,,,
Wands,Offering Wand,99,NMR,2,1,,,,disa,,,,,,,,,,,Grants Skill: Exsanguinate,,,,,,,,
Wands,Frigid Wand,99,NMR,2,1,,,,disa,,,,,,,,,,,Grants Skill: Chaos Bolt,,,,,,,,
Wands,Torture Wand,99,NMR,2,1,,,,disa,,,,,,,,,,,Grants Skill: Chaos Bolt,,,,,,,,
Wands,Critical Wand,99,NMR,2,1,,,,disa,,,,,,,,,,,Grants Skill: Chaos Bolt,,,,,,,,
Wands,Primordial Wand,99,NMR,2,1,,,,disa,,,,,,,,,,,Grants Skill: Wither,,,,,,,,
Wands,Dueling Wand,99,NMR,2,1,,,,disa,,,,,,,,,,,Grants Skill: Chaos Bolt,,,,,,,,
Sceptres,Rattling Sceptre,1,NMRU,3,2,,,,defa,,,,,,,,,,,Grants Skill: Skeletal Warrior,,,,,,,,
Sceptres,Stoic Sceptre,6,NMR,3,2,,,,defa,,,,,,,,,,,Grants Skill: Discipline,,,,,,,,
Sceptres,Lupine Sceptre,12,NMR,3,2,,,,disa,,,,,,,,,,,Grants Skill: Skeletal Warrior,,,,,,,,
Sceptres,Omen Sceptre,16,NMRU,3,2,,,,defa,,,,,,,,,,,Grants Skill: Malice,,,,,,,,
Sceptres,Ochre Sceptre,21,NMR,3,2,,,,disa,,,,,,,,,,,Grants Skill: Skeletal Warrior,,,,,,,,
Sceptres,Shrine Sceptre,26,NMRU,3,2,,,,defa,,,,,,,,,,,Grants Skill: Purity of Fire/Ice/Lightning,,,,,,,,
Sceptres,Devouring Sceptre,99,NMR,3,2,,,,disa,,,,,,,,,,,Grants Skill: Skeletal Warrior,,,,,,,,
Sceptres,Clasped Sceptre,99,NMR,3,2,,,,disa,,,,,,,,,,,Grants Skill: Skeletal Warrior,,,,,,,,
Sceptres,Devotional Sceptre,99,NMR,3,2,,,,disa,,,,,,,,,,,Grants Skill: Skeletal Warrior,,,,,,,,
Sceptres,Wrath Sceptre,99,NMR,3,2,,,,disa,,,,,,,,,,,Grants Skill: Skeletal Warrior,,,,,,,,
Sceptres,Aromatic Sceptre,99,NMR,3,2,,,,disa,,,,,,,,,,,Grants Skill: Skeletal Warrior,,,,,,,,
Sceptres,Pious Sceptre,99,NMR,3,2,,,,disa,,,,,,,,,,,Grants Skill: Skeletal Warrior,,,,,,,,
Sceptres,Hallowed Sceptre,99,NMR,3,2,,,,disa,,,,,,,,,,,Grants Skill: Skeletal Warrior,,,,,,,,
One Hand Maces,Wooden Club,1,NMRU,3,2,,,,defa,,,,,,6,10,1.45,,0.05,,,,,,,,,
One Hand Maces,Smithing Hammer,4,NMRU,3,2,,,,defa,,,11,,,9,15,1.45,,0.05,local weapon implicit hidden % base damage is fire [50],,,,,,,,
One Hand Maces,Slim Mace,10,NMRU,3,2,,,,defa,,,25,,,11,17,1.55,,0.05,,,,,,,,,
One Hand Maces,Spiked Club,16,NMRU,3,2,,,,defa,,,38,,,15,24,1.45,,0.05,,,,,,,,,
One Hand Maces,Warpick,22,NMR,3,2,,,,defa,,,52,,,18,24,1.45,,0.08,+(30–40)% to Critical Damage Bonus,,,,,,,,
One Hand Maces,Plated Mace,26,NMRU,3,2,,,,defa,,,61,,,18,38,1.4,,0.05,,,,,,,,,
One Hand Maces,Brigand Mace,33,NMR,3,2,,,,defa,,,76,,,28,38,1.45,,0.05,,,,,,,,,
One Hand Maces,Construct Hammer,36,NMR,3,2,,,,defa,,,83,,,31,38,1.4,,0.05,,,,,,,,,
One Hand Maces,Morning Star,45,NMR,3,2,,,,disa,,,104,,,33,49,1.45,,0.07,,,,,,,,,
One Hand Maces,Jade Club,48,NMR,3,2,,,,disa,,,110,,,30,50,1.45,,0.05,Always Hits,,,,,,,,
One Hand Maces,Lumen Mace,52,NMR,3,2,,,,disa,,,119,,,36,60,1.45,,0.05,,,,,,,,,
One Hand Maces,Execratus Hammer,55,NMR,3,2,,,,disa,,,126,,,40,60,1.45,,0.05,,,,,,,,,
One Hand Maces,Torment Club,65,NMRU,3,2,,,,disa,,,148,,,44,73,1.45,,0.05,,,,,,,,,
One Hand Maces,Advanced Smithing Hammer,45,NMR,3,2,,,,defa,,,104,,,38,64,1.45,,0.05,,,,,,,,,
One Hand Maces,Advanced Slim Mace,48,NMR,3,2,,,,defa,,,110,,,33,50,1.55,,0.05,,,,,,,,,
One Hand Maces,Advanced Warpick,51,NMR,3,2,,,,defa,,,117,,,34,46,1.45,,0.08,+(30–40)% to Critical Damage Bonus,,,,,,,,
One Hand Maces,Advanced Plated Mace,55,NMR,3,2,,,,defa,,,126,,,34,70,1.4,,0.05,,,,,,,,,
One Hand Maces,Advanced Brigand Mace,59,NMR,3,2,,,,defa,,,135,,,45,61,1.45,,0.05,,,,,,,,,
One Hand Maces,Advanced Construct Hammer,62,NMR,3,2,,,,defa,,,142,,,49,60,1.4,,0.05,Causes Daze buildup equal to 100% of Damage dealt,,,,,,,,
One Hand Maces,Expert Slim Mace,67,NMR,3,2,,,,defa,,,174,,,45,67,1.55,,0.05,,,,,,,,,
One Hand Maces,Expert Plated Mace,72,NMR,3,2,,,,defa,,,193,,,43,89,1.4,,0.05,,,,,,,,,
One Hand Maces,Expert Smithing Hammer,77,NMR,3,2,,,,defa,,,212,,,61,101,1.45,,0.05,local weapon implicit hidden % base damage is fire [50],,,,,,,,
One Hand Maces,Expert Warpick,78,NMR,3,2,,,,defa,,,212,,,48,64,1.45,,0.08,+(30–40)% to Critical Damage Bonus,,,,,,,,
One Hand Maces,Expert Construct Hammer,79,NMR,3,2,,,,defa,,,212,,,60,73,1.4,,0.05,Causes Daze buildup equal to 100% of Damage dealt,,,,,,,,
One Hand Maces,Expert Brigand Mace,77,NMR,3,2,,,,defa,,,212,,,51,84,1.45,,0.05,,,,,,,,,
Bows,Crude Bow,1,NMRU,3,2,,,,defa,,,,,,6,9,1.2,,0.05,,,,,,,,,
Bows,Shortbow,5,NMRU,3,2,,,,defa,,,,14,,7,14,1.25,,0.05,,,,,,,,,
Bows,Warden Bow,11,NMR,3,2,,,,defa,,,,27,,12,18,1.15,,0.05,(20–30)% chance to Chain an additional time,,,,,,,,
Bows,Recurve Bow,16,NMRU,3,2,,,,defa,,,,38,,15,31,1.1,,0.05,,,,,,,,,
Bows,Composite Bow,22,NMR,3,2,,,,defa,,,,52,,19,31,1.2,,0.05,,,,,,,,,
Bows,Dualstring Bow,28,NMRU,3,2,,,,defa,,,,65,,16,31,1.1,,0.05,Bow Attacks fire an additional Arrow,,,,,,,,
Bows,Cultist Bow,33,NMR,3,2,,,,defa,,,,76,,36,59,1.2,,0.05,,,,,,,,,
Bows,Zealot Bow,39,NMR,3,2,,,,defa,,,,90,,31,47,1.2,,0.05,,,,,,,,,
Bows,Artillery Bow,45,NMR,3,2,,,,disa,,,,104,,39,72,1.15,,0.05,50% reduced Projectile Range,,,,,,,,
Bows,Tribal Bow,50,NMR,3,2,,,,disa,,,,115,,38,57,1.2,,0.05,,,,,,,,,
Bows,Greatbow,52,NMR,3,2,,,,disa,,,119,119,,40,82,1.15,,0.07,,,,,,,,,
Bows,Double Limb Bow,56,NMR,3,2,,,,disa,,,,128,,42,63,1.2,,0.05,,,,,,,,,
Bows,Heavy Bow,65,NMR,3,2,,,,disa,,,,148,,45,75,1.2,,0.05,,,,,,,,,
Bows,Advanced Shortbow,45,NMR,3,2,,,,defa,,,,104,,29,54,1.25,,0.05,,,,,,,,,
Bows,Advanced Warden Bow,48,NMR,3,2,,,,defa,,,,110,,35,53,1.15,,0.05,(20–30)% chance to Chain an additional time,,,,,,,,
Bows,Advanced Composite Bow,51,NMR,3,2,,,,defa,,,,117,,36,61,1.2,,0.05,,,,,,,,,
Bows,Advanced Dualstring Bow,55,NMR,3,2,,,,defa,,,,126,,29,54,1.2,,0.05,Bow Attacks fire an additional Arrow,,,,,,,,
Bows,Advanced Cultist Bow,59,NMR,3,2,,,,defa,,,,135,,41,69,1.2,,0.05,,,,,,,,,
Bows,Advanced Zealot Bow,62,NMR,3,2,,,,defa,,,,142,,46,69,1.2,,0.05,,,,,,,,,
Bows,Expert Shortbow,67,NMR,3,2,,,,defa,,,,174,,41,76,1.25,,0.05,,,,,,,,,
Bows,Expert Composite Bow,72,NMR,3,2,,,,defa,,,,193,,49,82,1.2,,0.05,,,,,,,,,
Bows,Expert Warden Bow,77,NMR,3,2,,,,defa,,,,212,,53,80,1.15,,0.05,(20–30)% chance to Chain an additional time,,,,,,,,
Bows,Expert Dualstring Bow,78,NMR,3,2,,,,defa,,,,212,,39,73,1.2,,0.05,Bow Attacks fire an additional Arrow,,,,,,,,
Bows,Expert Cultist Bow,79,NMR,3,2,,,,defa,,,,212,,52,87,1.2,,0.05,,,,,,,,,
Bows,Expert Zealot Bow,77,NMR,3,2,,,,defa,,,,212,,56,84,1.2,,0.05,,,,,,,,,
Two Hand Maces,Felled Greatclub,1,NMRU,3,2,,,,defa,,,,,,13,18,1.1,,0.05,,,,,,,,,
Two Hand Maces,Oak Greathammer,4,NMRU,3,2,,,,defa,,,11,,,14,26,1.05,,0.05,Causes (30–50)% increased Stun Buildup,,,,,,,,
Two Hand Maces,Forge Maul,11,NMRU,3,2,,,,defa,,,27,,,29,39,1.05,,0.05,,,,,,,,,
Two Hand Maces,Studded Greatclub,16,NMRU,3,2,,,,defa,,,38,,,32,48,1.1,,0.05,,,,,,,,,
Two Hand Maces,Cultist Greathammer,22,NMR,3,2,,,,defa,,,52,,,32,43,1.05,,0.05,Strikes deal Splash damage to targets within 1.8 metres,,,,,,,,
Two Hand Maces,Temple Maul,28,NMR,3,2,,,,defa,,,65,,,35,72,1.2,,0.05,,,,,,,,,
Two Hand Maces,Leaden Greathammer,33,NMRU,3,2,,,,defa,,,76,,,58,78,1.1,,0.05,,,,,,,,,
Two Hand Maces,Crumbling Maul,38,NMRU,3,2,,,,defa,,,88,,,62,75,1.1,,0.05,Causes Enemies to Explode on Critical kill,for 10% of their Life as Physical Damage,,,,,,,
Two Hand Maces,Pointed Maul,45,NMR,3,2,,,,disa,,,104,,,68,102,1.1,,0.07,,,,,,,,,
Two Hand Maces,Totemic Greatclub,50,NMR,3,2,,,,disa,,,115,,,73,99,1.1,,0.05,Crushes Enemies on Hit,,,,,,,,
Two Hand Maces,Greatmace,52,NMR,3,2,,,,disa,,,119,,,74,124,1.1,,0.05,,,,,,,,,
Two Hand Maces,Precise Greathammer,54,NMR,3,2,,,,disa,,,124,,,87,118,1.1,,0.05,,,,,,,,,
Two Hand Maces,Giant Maul,65,NMR,3,2,,,,disa,,,148,,,96,144,1.1,,0.05,,,,,,,,,
Two Hand Maces,Advanced Oak Greathammer,45,NMR,3,2,,,,defa,,,104,,,59,109,1.05,,0.05,Causes (30–50)% increased Stun Buildup,,,,,,,,
Two Hand Maces,Advanced Forge Maul,48,NMR,3,2,,,,defa,,,110,,,84,113,1.05,,0.05,,,,,,,,,
Two Hand Maces,Advanced Cultist Greathammer,51,NMR,3,2,,,,defa,,,117,,,62,83,1.05,,0.05,Strikes deal Splash damage to targets within 1.8 metres,,,,,,,,
Two Hand Maces,Advanced Temple Maul,55,NMR,3,2,,,,defa,,,126,,,60,125,1.2,,0.05,,,,,,,,,
Two Hand Maces,Advanced Leaden Greathammer,59,NMR,3,2,,,,defa,,,135,,,94,127,1.1,,0.05,,,,,,,,,
Two Hand Maces,Advanced Crumbling Maul,62,NMR,3,2,,,,defa,,,142,,,93,114,1.1,,0.05,Causes Enemies to Explode on Critical kill,for 10% of their Life as Physical Damage,,,,,,,
Two Hand Maces,Expert Forge Maul,67,NMR,3,2,,,,defa,,,174,,,112,151,1.05,,0.05,,,,,,,,,
Two Hand Maces,Expert Temple Maul,72,NMR,3,2,,,,defa,,,193,,,76,158,1.2,,0.05,,,,,,,,,
Two Hand Maces,Expert Oak Greathammer,77,NMR,3,2,,,,defa,,,212,,,94,174,1.05,,0.05,Causes (30–50)% increased Stun Buildup,,,,,,,,
Two Hand Maces,Expert Cultist Greathammer,78,NMR,3,2,,,,defa,,,212,,,89,120,1.05,,0.05,Strikes deal Splash damage to targets within 1.8 metres,,,,,,,,
Two Hand Maces,Expert Crumbling Maul,79,NMR,3,2,,,,defa,,,212,,,113,138,1.1,,0.05,Causes Enemies to Explode on Critical kill,for 10% of their Life as Physical Damage,,,,,,,
Two Hand Maces,Expert Leaden Greathammer,77,NMR,3,2,,,,defa,,,212,,,119,161,1.1,,0.05,,,,,,,,,
Quarterstaves,Wrapped Quarterstaff,1,NMRU,3,2,,,,defa,,,,,,7,12,1.4,,0.10,,,,,,,,,
Quarterstaves,Long Quarterstaff,4,NMRU,3,2,,,,defa,,,,10,,9,18,1.4,,0.10,16% increased Range,,,,,,,,
Quarterstaves,Gothic Quarterstaff,11,NMRU,3,2,,,,defa,,,,22,11,16,26,1.4,,0.12,,,,,,,,,
Quarterstaves,Crackling Quarterstaff,16,NMR,3,2,,,,defa,,,,30,14,13,54,1.4,,0.10,,,,,,,,,
Quarterstaves,Crescent Quarterstaff,20,NMRU,3,2,,,,defa,,,,37,16,19,39,1.5,,0.10,,,,,,,,,
Quarterstaves,Steelpoint Quarterstaff,28,NMRU,3,2,,,,defa,,,,51,22,28,51,1.4,,0.10,,,,,,,,,
Quarterstaves,Slicing Quarterstaff,33,NMR,3,2,,,,defa,,,,60,25,29,60,1.4,,0.10,,,,,,,,,
Quarterstaves,Barrier Quarterstaff,37,NMR,3,2,,,,defa,,,,67,27,33,55,1.4,,0.10,+(10–15)% to Block chance,,,,,,,,
Quarterstaves,Hefty Quarterstaff,45,NMR,3,2,,,,disa,,,,81,33,39,80,1.35,,0.10,,,,,,,,,
Quarterstaves,Smooth Quarterstaff,47,NMR,3,2,,,,disa,,,,84,34,62,84,1.5,,0.00,,,,,,,,,
Quarterstaves,Anima Quarterstaff,52,NMR,3,2,,,,disa,,,,93,37,47,79,1.4,,0.10,,,,,,,,,
Quarterstaves,Graceful Quarterstaff,56,NMR,3,2,,,,disa,,,,100,40,47,87,1.4,,0.10,,,,,,,,,
Quarterstaves,Wyrm Quarterstaff,65,NMRU,3,2,,,,disa,,,,116,45,57,94,1.4,,0.10,,,,,,,,,
Quarterstaves,Advanced Long Quarterstaff,45,NMR,3,2,,,,defa,,,,81,33,35,72,1.4,,0.10,16% increased Range,,,,,,,,
Quarterstaves,Advanced Gothic Quarterstaff,48,NMR,3,2,,,,defa,,,,86,35,43,72,1.4,,0.12,,,,,,,,,
Quarterstaves,Advanced Crackling Quarterstaff,51,NMR,3,2,,,,defa,,,,91,36,30,57,1.4,,0.10,,,,,,,,,
Quarterstaves,Advanced Crescent Quarterstaff,55,NMR,3,2,,,,defa,,,,98,39,40,83,1.5,,0.10,,,,,,,,,
Quarterstaves,Advanced Slicing Quarterstaff,59,NMR,3,2,,,,defa,,,,105,42,45,94,1.4,,0.10,,,,,,,,,
Quarterstaves,Advanced Barrier Quarterstaff,62,NMR,3,2,,,,defa,,,,110,44,49,82,1.4,,0.10,+(10–15)% to Block chance,,,,,,,,
Quarterstaves,Expert Gothic Quarterstaff,67,NMR,3,2,,,,defa,,,,135,53,55,92,1.4,,0.12,,,,,,,,,
Quarterstaves,Expert Crescent Quarterstaff,72,NMR,3,2,,,,defa,,,,150,59,50,103,1.5,,0.10,,,,,,,,,
Quarterstaves,Expert Long Quarterstaff,77,NMR,3,2,,,,defa,,,,165,64,53,111,1.4,,0.10,16% increased Range,,,,,,,,
Quarterstaves,Expert Crackling Quarterstaff,78,NMR,3,2,,,,defa,,,,165,64,43,172,1.4,,0.10,,,,,,,,,
Quarterstaves,Expert Barrier Quarterstaff,79,NMR,3,2,,,,defa,,,,165,64,58,97,1.4,,0.10,+(10–15)% to Block chance,,,,,,,,
Quarterstaves,Expert Slicing Quarterstaff,77,NMR,3,2,,,,defa,,,,165,64,65,108,1.4,,0.10,,,,,,,,,
Crossbows,Makeshift Crossbow,1,NMRU,4,2,,,,defa,,,,,,6,10,1.6,,0.05,,,,,,,,,
Crossbows,Tense Crossbow,4,NMRU,4,2,,,,defa,,,8,8,,7,13,1.6,,0.05,(20–30)% increased Bolt Speed,,,,,,,,
Crossbows,Sturdy Crossbow,10,NMR,4,2,,,,defa,,,15,15,,9,22,1.55,,0.05,,,,,,,,,
Crossbows,Varnished Crossbow,16,NMR,4,2,,,,defa,,,22,22,,10,30,1.6,,0.05,,,,,,,,,
Crossbows,Dyad Crossbow,20,NMR,4,2,,,,defa,,,27,27,,7,30,1.6,,0.05,Loads an additional bolt,,,,,,,,
Crossbows,Alloy Crossbow,26,NMR,4,2,,,,defa,,,34,34,,11,42,1.7,,0.05,,,,,,,,,
Crossbows,Bombard Crossbow,33,NMR,4,2,,,,defa,,,43,43,,12,47,1.65,,0.05,Grenade Skills Fire an additional Projectile,,,,,,,,
Crossbows,Construct Crossbow,38,NMR,4,2,,,,defa,,,49,49,,15,61,1.6,,0.05,,,,,,,,,
Crossbows,Blackfire Crossbow,45,NMR,4,2,,,,disa,,,57,57,,17,67,1.6,,0.07,,,,,,,,,
Crossbows,Piercing Crossbow,48,NMR,4,2,,,,disa,,,61,61,,17,68,1.65,,0.05,(20–30)% chance to Pierce an Enemy,,,,,,,,
Crossbows,Cumbrous Crossbow,52,NMR,4,2,,,,disa,,,66,66,,16,63,1.6,,0.05,+1 to maximum number of Summoned Ballista Totems,,,,,,,,
Crossbows,Dedalian Crossbow,56,NMR,4,2,,,,disa,,,71,71,,21,83,1.55,,0.07,,,,,,,,,
Crossbows,Esoteric Crossbow,65,NMR,4,2,,,,disa,,,81,81,,24,96,1.6,,0.05,,,,,,,,,
Crossbows,Advanced Tense Crossbow,45,NMR,4,2,,,,defa,,,57,57,,17,66,1.6,,0.05,(20–30)% increased Bolt Speed,,,,,,,,
Crossbows,Advanced Sturdy Crossbow,48,NMR,4,2,,,,defa,,,61,61,,19,76,1.55,,0.05,,,,,,,,,
Crossbows,Advanced Varnished Crossbow,51,NMR,4,2,,,,defa,,,65,65,,19,78,1.6,,0.05,,,,,,,,,
Crossbows,Advanced Dyad Crossbow,55,NMR,4,2,,,,defa,,,69,69,,17,66,1.6,,0.05,Loads an additional bolt,,,,,,,,
Crossbows,Advanced Bombard Crossbow,59,NMR,4,2,,,,defa,,,74,74,,19,77,1.65,,0.05,Grenade Skills Fire an additional Projectile,,,,,,,,
Crossbows,Advanced Forlorn Crossbow,62,NMR,4,2,,,,defa,,,78,78,,23,92,1.6,,0.05,,,,,,,,,
Crossbows,Expert Sturdy Crossbow,67,NMR,4,2,,,,defa,,,95,95,,25,102,1.55,,0.05,,,,,,,,,
Crossbows,Expert Varnished Crossbow,72,NMR,4,2,,,,defa,,,106,106,,26,105,1.6,,0.05,,,,,,,,,
Crossbows,Expert Tense Crossbow,77,NMR,4,2,,,,defa,,,116,116,,26,106,1.6,,0.05,(20–30)% increased Bolt Speed,,,,,,,,
Crossbows,Expert Dyad Crossbow,78,NMR,4,2,,,,defa,,,116,116,,22,89,1.6,,0.05,Loads an additional bolt,,,,,,,,
Crossbows,Expert Bombard Crossbow,79,NMR,4,2,,,,defa,,,116,116,,24,97,1.65,,0.05,Grenade Skills Fire an additional Projectile,,,,,,,,
Crossbows,Expert Forlorn Crossbow,77,NMR,4,2,,,,defa,,,116,116,,28,112,1.6,,0.05,,,,,,,,,
Staves,Ashen Staff,1,NMRU,4,1,,,,defa,,,,,,,,,,,Grants Skill: Firebolt,,,,,,,,
Staves,Gelid Staff,2,NMRU,4,1,,,,defa,,,,,,,,,,,Grants Skill: Freezing Shards,,,,,,,,
Staves,Voltaic Staff,2,NMRU,4,1,,,,defa,,,,,,,,,,,Grants Skill: Lightning Bolt,,,,,,,,
Staves,Spriggan Staff,11,NMR,4,1,,,,disa,,,,,,,,,,,Grants Skill: Firebolt,,,,,,,,
Staves,Pyrophyte Staff,16,NMRU,4,1,,,,defa,,,,,,,,,,,Grants Skill: Living Bomb,,,,,,,,
Staves,Chiming Staff,25,NMRU,4,1,,,,defa,,,,,,,,,,,Grants Skill: Sigil of Power,,,,,,,,
Staves,Rending Staff,99,NMR,4,1,,,,disa,,,,,,,,,,,Grants Skill: Soulrend,,,,,,,,
Staves,Reaping Staff,99,NMR,4,1,,,,disa,,,,,,,,,,,Grants Skill: Reap,,,,,,,,
Staves,Icicle Staff,99,NMR,4,1,,,,disa,,,,,,,,,,,Grants Skill: Firebolt,,,,,,,,
Staves,Roaring Staff,99,NMR,4,1,,,,disa,,,,,,,,,,,Grants Skill: Unleash,,,,,,,,
Staves,Paralysing Staff,99,NMR,4,1,,,,disa,,,,,,,,,,,Grants Skill: Shock Nova,,,,,,,,
Staves,Cleric Staff,99,NMR,4,1,,,,disa,,,,,,,,,,,Grants Skill: Consecrate,,,,,,,,
Staves,Dark Staff,99,NMR,4,1,,,,disa,,,,,,,,,,,Grants Skill: Dark Pact,,,,,,,,
Fishing Rods,Fishing Rod,99,NMR,5,1,,,,disa,,,,,,10,18,1.2,,0.05,,,,,,,,,